input,gt
"1: So easy, abc
",0
"B: Okay go mid
A: See a cs
B: Okay
A: I'm mid
C: Let me ceci
A: Go mid
C: Also roam dly
A: Go mid
C: Come
A: Or do some cool explosive damage
",0
"B: 谁需要游走英雄 组队
C: 谁需要游走英雄和法师 组队
D: -1 邀请
E: -1 游走神话荣誉
F: -1 三排荣誉
G: -1 经验神话荣誉 
H: -1 输出英雄
I: 邀请谁是-1
",0
,0
"B:哈哈哈  
C:我高兴
D:52533
E:哈哈哈
F:哈哈哈
G:1/哭得更厉害吧
H:哈哈哈  
I:1/对不起,网络不好
J:哈哈哈
K:1/延迟
L:1/哈哈哈
M:1/我和弗兰科去抢击
N:50794
",0
"B: Just ask your dad 
C: You don't need to win
D: The most important thing is freestyle
",0
"
B: 狗东西
   狗
   狗东西

C: 狗
   狗
   狗
   狗东西  

A: 狗

B: 狗东西
   狗
   狗东西
   狗东西
   狗东西

C: 狗
   狗东西

A: 傻逼玩意儿
   傻逼玩意儿

B: 狗东西
   狗东西

C: 狗东西
   狗

A: 傻逼玩意儿
   狗

B: 狗
   狗东西
   狗东西

C: 狗东西  
   狗
",0
,0
"B: 报告
C: 1/报告
A: 你在哪里,居然敢这么说
B: 你只会空话,从来不会做事
",0
"A: 不哭不哭  
A: 我没看你哭
A: 拉法拉取的那个女人
A: 女人果然是这样的
A: 但是,我的早安呢?
A: :c
B: 嘘嘘嘘
B: 嘘嘘嘘
A: zzz  
A: zzz
A: zzz
A: 哎,我要哭了
",0
"B: Me me me
C: Come here you bastard! 
A: Me me me, what now? 
B: Still a tank who doesn't know how to set 
",0
"B: 你的朋友y joy s5\n 
C: 数学那个co哈哈哈\n
A: 不用那么激动,克林特。我有蒙顿的手机号码。我会发给你看的。你会哭的。\n
B: 好的\n
C: 看起来克林特很激动\n
B: 好的,晚上你就明白了\n
A: 我们来玩吧
",0
,0
,0
"B: music
A: get emotional again bro
",0
"B: what what haha
C: don't be able to stun me haha
D: 1-7 Hahahahaha
E: Want 1 skin of Wanwan haha
",0
"B:摩斯科夫,你去死吧,和你爸爸在一起
C:裂开你妈的逼生出你这个孩子
D:摩斯科夫什么时候变成关键输出?
E:孩子?如果你妈妈当着我的面张开大腿,你就会有个新的弟弟,这才知道
F:可怜摩斯科夫的妈妈
G:我已经浪费了敌人的大招
H:看起来投掷者阿蒙像个小丑
I:希尔瓦娜要大招了
J:所有人没有大招
K: 50794
L:没有凤凰的大招
",0
,0
"B: 我是法师
A: 我是刺客
B: 好的
A:地图吧,Hanzo
A: 我刚上班所以先庆祝下用troll把
",0
"
B: 攻击性言论无助于改善游戏体验。我们应该集中精力打好比赛。

A: 我明白你的失望,但责骂队友不会带来正面结果。我们仍可以一起努力。

B: 你说的对,我感到沮丧时过于情绪化了。我们继续坚持下去,改善团队配合。

A: 没关系,这局我们表现不佳,但仍有机会反败为胜。让我们保持optimistic并相互鼓励。

B: 是的,不应该轻易放弃。我们会思考这局教训,下一局会做得更好。

A: 一语中的。我们会从这局失败中汲取经验,提升个人技术和团队协作。加油!
",0
"B: 看那个坦克  
C: 清洗和做作业。他在打野   
D: 1/坦克背包  
E: 哦,太糟糕了。我觉得不好  
",0
"B: Frey can fight Gloo
C: The problem is Bane came
D: Early in last game knocked this 
E: Serious about women's stuff bye
F: That's it hahahah
G: Loo
H: Hahahahhaa Bana
I: Last
J: Arrogant bye now haha
K: Go on he's just quiet
L: Sorry bro friend logged on 
M: Too early I entered hahaha
N: Lets go there didn't expect jungle so close hahahaha
O: Alright
",0
"B: No Translation
A: 真他妈的
B: 是啊 真他妈的
A: 真他妈的  
B: 莱斯莱面对我
A: 真他妈的
",0
,0
"B: 哈哈
C: 50794
B:笑死
D: 52533
A:戳一戳
",0
"No Translation

",0
"B: 真是个超棒的游戏啊
A: 哈哈
A: 可惜啦可惜啦
B: 真是个垃圾游戏
A: 好吧 好吧
B: 真烦人
",0
"A: 滚吧乌龟
",0
"B: 哈哈哈  
C: 别这样米亚,他想从乱斗中得到WR(胜利者排名)
",0
"B: I'm in front of the turret
C: You don't dare to deal damage
D: Franco, you
E: Mm opponent 
F: Mm we have no damage
G: Let's go to the turret first
H: 1/5 what?
A: Lol what's damage mm?
",0
"B: well I'm not on epic 
C: 52533
D: 50794
E: 50794
F: that yin is epic is expensive
G: don't see that son is a tank
H: 1/chocolate
I: the 2 mages have short cool down
",0
"No Translation

",0
"A:投降
B:多谢
A:1/你这墨西哥佬就是这样的兄弟
B:投降
A:1/不要
A:1/更多墨西哥佬
A:1/墨西哥佬
",0
"B: I'm waiting for you at base
A: Really?
C: 50794
D: 52530
C: That mage is OP why didn't he die with so many hits
",0
,0
"B: No Translation
C: No Translation
A: No Translation
B: No Translation
C: No Translation
A: 要去上个厕所
B: 好的
C: 改改你的射击吧
A: 哦
B: 在大招的时候被秒了
C: 呵呵
A: 太烦人了
B: 哈?
C: 好吧,改改射击
",0
,0
,0
"B: 嗨马来西亚女孩 联系吧  
A: 一起玩吧,我很擅长
C: 喜欢我相册能得到50钻真的!!!
D: 哪个-1 中路/打野 找我
A: 想认识马来西亚女生
B: 买一个战士?  
C: 买一个周?
B: 买一个战士?
A: 买一个战士
C: 喜欢我相册真能得到50钻不骗人
",0
"B: 最近与莱思配合获得MVP,13/4/8的成绩。可靠的队友!
",0
"B:不要一个人排位 跟我组队 我给你当伺候
哈哈哈
#39 
排位走起
来这里
bban你说什么呢
#38
噢
嗯 太好吃了
你妈的 我要吃烂你 我要买你妈
噢 MVP靠偷吗?
bban 渣渣
试试用我大号 游戏我给你恶心到吐 直接踩你脸上
还自己先去玩  来组队我给你当伺候
我发的组队邀请 为了保持连胜 
注意自己KDA就行 啧啧啧
#49
就注意KDA赢的 渣渣
MVP也就靠3-3-12 得到的吧 试问有用吗?
渣渣  操你妈的啦
伺候起来 哈?
你妈的 我要吃烂你  玩英雄联盟去吧
亏我带的是小号
不如买你妈 我直接买大脑吧
太好吃了
行了 闭嘴吧
",0
,0
,0
"A: plis all in
",0
,0
"A: 船长
B: 怎么了?\n 
A: 命名
",0
"B: 1/核心 \n
C: 50794\n
D: 买死吧 双排\n
E: 哈哈哈\n
F: 买死吧 那个法利尔\n 
G: 1/哎哟\n
H: 你们就永远呆在两边?\n
I: 3打2\n
J: 举报\n
K: 好运\n
L: 砸他
",0
"B:我们3打1
C:我们1对1
",0
,0
"B: Sans is overused in gb lol.
C: Sans can work.  
A: Don't troll please.
B: No trolling. Sans can work.
C: Badang is trash report him.
",0
,0
"C: 我是安吉拉 (I am Angela)
1/wih 我是安吉拉:
A: 哈哈 (Haha)
50794:
B: 教 (Teaching)
1/tutorin 教:
A: 哈哈 (Haha)
",0
"B: 我们没有
C: 你最近怎么样
D: 只会简单的目标都做不到 真他妈搞笑
E: 只连了两根电缆就搞定了 很搞笑哈哈哈
",0
"B: have you been left hungry
Izzi: 
to the lobby
difficulty 0
tutorial in process
the bots kill me I'm so bad
the AI kills me :(
",0
,0
,0
"B: alice, be sure to pick ik
C: hhh
D: just breathe, it's good that she is the uncle hahaha
E: want to die
F: breathe
",0
,0
,0
"B: 50794
C: I don't care
D: Go to Pokke
A: 1/ You can't tank
B: 1/ Okay 
C: 1/ Troll
D: 1/ All your buffs are gone
A: Let it be
B: 1/ I told you I can't tank
C: Under Monster Hunter Pokke
D: 52533
",0
,0
,0
"B: 别哭得这么厉害,把手机都弄湿了
A: 对的,妈妈
C: 专心游戏吧  
A: 1到5点  
B: 2到6点:)
A: 你是坦克,我没有看到游走
B: 你还是坦克
A: 损坏? 你妈妈是的 哈哈哈  
C: 我的主力是汪汪XD  
B: JSKAKAKJAA  
A: 这是经典模式 XD
B: 被禁赛了?
A: 不,我哭了  
B: PVP?
A: 2-5点
",0
,0
"B:未翻译
C:未翻译
A:未翻译
B:未翻译
C:未翻译
A:未翻译
B:未翻译 
C:未翻译
A:未翻译
B:未翻译
C:未翻译
A:未翻译
B:未翻译
C:未翻译
A: BOT
B: y
C:未翻译
",0
"A: atlas baik-baik saja??\nB: ngaca\nA: kenapa kau atlas\nA: bisa ada diggi\nkarena kamu tidak mau soning
",0
,0
"B:哈哈闭上你的嘴
",0
"B: Tall blonde
C: Let's play later
D: Backpack
E: You're not that good
F: Of course
G: Take it easy we can play later
H: Ok
I: Can I join?
",0
,0
"B: 果酱能不能团一起?
A: 你这B,赶紧推进。
B: 好的,我这就去推
C: 可以配合一下打架吗?
B: 可以可以,一起上!
",0
"B: 很有趣
C: 很有趣
D:就用经典阵容没关系
A: 你真可笑只用经典阵容
B: 真的吗?你玩到五阶了?  
C: 嫉妒什么? 
D: 你以为你很强吗?为什么不五个人一起玩?
A: 对不起,哥们
",0
"Domina: 
Stay up so late, go to sleep
1/Tank?
Be patient  
Rom doing what
Rom making damage for what
Dominance
Hmm lol
Sleep
Rom has been 
Relax bro
1/S4 what
1/Why make damage Faramis 
1/Sorry
1/Want to core?
1/Looking for tank?
",0
"B: 调整什么?  
A: 打中单吧。  
B: 你中单吧,我打射手。  
A: 妈的,玩法师真他妈刺激。
",0
"A: 减1 
A: 减1
A: 减1
A: 减1
B: 光荣
B: 光荣
B: 好的
B: 
B:
",0
"
B: 聚集制作视频

C: 哈哈,你疯了吗?和我和平相处,我会帮助你的。哥们,别攻击我,我在帮主人啊。
",0
"B: 52532
C: hyper 哇呀!
B: 怎么回事啊  
",0
"B: 我的学生  
C: 确实弱  
A: 过来  
B: 过来  
C: 提升排名太难了 装备太少  
A: 过来  
B: 是的  
C: 懒得玩了  
A: 哥们 商店  
B: 一起玩  
C: 一起玩  
B: 一起玩
",0
,0
"1/ A: No translation
C: Come on Harley, don't give up!
B: How many times are you going to use Lord, man? 
B: Did you get mental boom, lol?
1/ A: No translation
",0
"B: 52531 
C: ? 
A: 让,我们要过去。别挡路
B: 为什么? 
D: 指导莱丝蒂
E: 你妈和你爸配对哈莱丝蒂哈哈
C: 拜拜莱丝蒂
A: 快点让开
B: 你看看你妈跟你爸配对的多好笑
C: 哈哈,你妈和你爸配对很有趣吧莱丝蒂?
D: 这样玩吗莱丝蒂?
C: 拜拜莱丝蒂
D: 拜拜你敢不敢
",0
,0
"B: hilda wait for blue buff 
A: r
C: push minion  
B: k , conceal
B: why me
C: saber make u lose face
C: saber u can lock mage
B: lol
",0
,0
,0
"A: 怨恨的人都是这样的   
A: 加油啊,大哥
A: 就这些?大哥?  
A: 怨恨?
A: 嘘嘘
A: 哈哈哈
B: 嘘嘘
",0
,0
,0
"B: 好有意思
C: 你也超级兴奋
D: 要小心杀人啊
E: 0 6 1 
F: 0 6 1
G: 你是花多少钱买的账号?
H: 1/求人 赛琳娜要去哪里?
I: 1/害怕吗?想经验值是吧?
J: 有镜子的请给我
K: 0 5 1
L: 1/大家克劳德的克制是什么?好痛啊
",0
,0
"B: 困惑
C: 垃圾
D: 奇怪的经验
E: 射线吧
F: 
",0
,0
"A: -1
A: rank
A: rank
",0
"B: 需要玩家
C: 速战进入游戏
A: 需要玩家
B: 开始了
A: 需要玩家
A: 需要我的队友吗?
A: 需要玩家
",0
,0
,0
,0
,0
"C: Oh nice
C: What would be good to go troll???? 
C: Maybe a jungle Harley
XD
Cheer up that buff xd
C: Yeah that'll be it  
XD
Thank the easy star xd
XD hahaha
Report not working but oh well xd
How lame xd
Cheer up everything will work out
I've been reported for trolling too but not banned yet xd
",0
,0
,0
,0
"B: 没有翻译  
C: 没有翻译
D: 没有翻译
E: 没有翻译
F: 没有翻译
G: 没有翻译
H: 没有翻译
I: 没有翻译
J: 没有翻译
K: 没有翻译
L: 没有翻译
M: 没有翻译
N: 没有翻译
O: 没有翻译
P: 没有翻译
Q: 没有翻译
",0
,0
"A: 1 / herly gk meta kh?
A: lupa kqkw
",0
,0
,0
"B: 看起来你们的后卫线被占领了
C: 你们为什么要推进到敌方阵地?
D: 闭嘴吧,新手
E: 白费力气,后卫了
F: 好的
G: 1/9 你这个菜鸟
",0
,0
"B: 别进攻了
C: 上帝啊,mm再也得不到任何击杀伤害了
A: 我给了你所有东西,结果你还是什么都没有
A: 你应该把所有击杀伤害留给我们,我们只帮助推塔
A: 可是你啥都没有
A: 你只会当个坦克了
B: 敌人都紧张兮兮的
C: 啥情况,怎么mm那么多啊,哈哈
A:伙计,加油!
",0
"B: 再见:)
C: 拉斐尔进来了 拉斐尔:)
A: 来吧
B: 不留情:)
C: 电话又卡了 
A: 谁知道呢
B: 嘘嘘嘘
",0
"B: 仔仔仔 
A: 再联系 
",0
"B: 哈哈
C: 是的对
D: 很好玩
E: 杀呀
F: 让他们反抗一点
",0
"B: #30  
C: What?
A: #114 #20
",0
,0
"B: 等一下
B: 我要告诉你  
A: 嗯 什么 
B: 滚开 你这个混蛋
B: 白痴 你 
A: 滚开
",0
"B:吵死了
A:吵死了
B:别闹
A:你好嘛
B:哈哈哈
A:那是什么
B:来看看
A:传送过来
B:一会儿吧
A:治疗晚了
B:别闹
A:真的吗
",0
,0
"B: I'll teach you how to play LOL
C: Boring and easy  
A: lol You losers are all auto champions 
A: lol You losers are all auto champions
C: Boring and easy
A: lol You losers are all auto champions
",0
"B: 52530
C: rafael joined rafael:)
D: bye:)
E: let's go 
F: no mercy :)
G: who knows
H: shhhsss
I: the phone lagged again
",0
"B: No Translation\n
C: slot open?\n
D: are you playing?\n
E: yea no problem\n
F: ok? done\n
G: thanks bro\n
H: thanks bro\n
I: yea it's not a big deal don't get upset\n  
J: haha getting upset\n
K: there you go getting mad again\n
L: chill\n
M: 6.9\n
N: don't get upset okay\n
O: go learn more bro\n
P: right\n
Q: invite
",0
"B: 英雄
C: 跟阴霜说
D: 他们都在哪里笑死我了
A:随便
B: 阴霝在中路
C: 控制中路的英雄就是中路的主宰
D: 没错伙计
A: 太强了
B: 太牛逼了
C: 这个阴霝很可爱
D: 没错
A: 好的
C: 阴霝直到审判日都躲着不露面哈哈
D: 游戏这么长时间了还没给我上buff
A: 结束了
C: 不是结束
B: 阴霝在紫色的野区
C: 正在赶往紫色野区
A: 我要摧毁,来吧伙计们
C: 噢,这样
D:没事
",0
,0
,0
"B: why always have team like this
",0
,0
"B: kroco bot 
C: kroco tengil
A: kroco
B: Just ask the bot
C: Funny
",0
,0
"A: Why don't you know how to play mage? 
B: What the fuck, why did you want to play mage then?
",0
"A: A fat guy with an apprentice emblem
A: Let's see what this beginner Leslie can do  
A: Let's see how it goes
B: Yes you can see he knows how to play
B: Nice
A: Epic!
",0
"B:上单 
C:依靠
D:哈哈哈
",0
,0
"A: No Translation.
B: serius\npqqke\nboth\nrataaaaa\nllah\nlag\nserius\nnr
A: Yeah right\nwhatever\nboth\nso annoying\nCome on\nlag\nyeah right\nNah
C:  orenq ngelawax mulu\nlawalalalalal both
A: You just keep kidding around\nso funnyyyyyy both
B: lapu2 msa klh sma nana  
A: Shut up before I beat you up with Nana
",0
,0
"B: Can you guys solo? Or do you need each other?  
C: I want to learn how to use Kagura.
D: Yeah.
E: Hanzo!
F: He's not here.
G: No 2 vs 1.
H: Give Kagura tips.
I: Haha.
J: Other noobs.  
K: Haha.
L: How I like it.
M: Haha your what.
",0
,0
"B: wakakakakakakakakakakakakakakkakakaakakakakak
C: hahahahahahahahahha
D: hahahahahahahahahaha
E: hahahahahahah
F: faster laaaaa
G: hahahahahahhaha
",0
,0
,0
"B: 52533
C: Shut up fredrinn
A: 1/Shut up fredrinn
",0
"B: gua masih mending mau tenk mlas sama mm\n52530
A: No Translation
B: I'm still better than tank, too lazy to matchmake
",0
,0
"B:第52530行,巴尔蒙不要去窃取资源了
C:算了吧
D:他已经有风暴之怒了,别找麻烦了
E:值得三思
F:我用超级英雄,但你还是投降吧
G:好吧,我们投降
",0
"A: 然后呢  
B:听不懂
C:哈哈哈 老子把你的英雄全杀了 清楚吗
D:算了吧 阿特拉斯你也打不过 但在逞强
B:真敢逼逼 妈的 阿特拉斯你也打不过别装了
",0
"B: sudah, sudah
C: selamat bermain
D: malas bermain dengan dia
E: tolong aku
F: o 
G: n
H: t
I: l
J: musuh terlihat
K: maju
L: aku punya ini  
M: punya
N: ok
O: no
P: kerja bagus
",0
,0
"B: 免费击杀brody
C: 立即结束他
A: 不好意思,你还好吗?
B: 离开那里,去混战
C: 我要卖掉这个
A: 好的
",0
"B: 11
A: 我很好
A: 我有点延迟
C: 42
A: 好的 再见
B: 嗨。
B: 你好吗
B: 一起玩吧
A: 太简单了
C: 14
B: 我要去吃饭了
A: 好游戏 谢谢比赛
",0
"B: Bot回来了吗? 没有辅助!
A: 你什么时候来打BOT啊?
B: 你不做你的工作还批评别人,绝对举报你。
A: 你知道拉线阶段是什么吗?
B: Harley又送人头了!
A: 算了,我认输了。
B: 要是你集火就赢了。
A: 哈哈哈
B:哈哈
A: 1/冷静点,你可以的
B: Carmilla难度大
B: 你不知道拉线阶段后要旋转吗?
B: 我在这有2个人呢
B: 你知道什么是积压优势和发育吗? 
B: Harley整局住BOT!
B: 哈哈哈
A: 要是辅助做了他的工作就好了
B: 白金!
A: 1/太棒了
B: 白金!
B: 我才不会自杀
B: 我又不是你们
B: 超神!
B: 你的屁股眼里!
A: 1/收下你的白金!
",0
"A: 快点儿
A: 是的哥们
C:什么是SUREN
A: 好的 音乐
A: 要求
",0
,0
"A: 不不不
A: ???
A: 滚犊子
要检举安吉拉
",0
"B: 赞赏个人主页。点赞回馈#21
C: 赞赏个人主页。点赞回馈#21
D: 赞赏个人主页。点赞回馈#21
E: 赞赏个人主页。点赞回馈#21
F: 赞赏个人主页。点赞回馈#21
G: 赞赏个人主页。点赞回馈#21  
H: 赞赏个人主页。点赞回馈#21
I: 赞赏个人主页。点赞回馈#21
J: 赞赏个人主页。点赞回馈#21
K: 赞赏个人主页。点赞回馈#21
L: 赞赏个人主页。点赞回馈#21
M: 赞赏个人主页。点赞回馈#21
N: 赞赏个人主页。点赞回馈#21
O: 赞赏个人主页。点赞回馈#21
P: 赞赏个人主页。点赞回馈#22
Q: 赞赏个人主页。点赞回馈#21
R: 赞赏个人主页。点赞回馈#21
S: 赞赏个人主页。点赞回馈#21
T: 赞赏个人主页。点赞回馈#21
U: 赞赏个人主页。点赞回馈#21
V: 赞赏个人主页。点赞回馈#21
W: 赞赏个人主页。点赞回馈#21
X: 赞赏个人主页。点赞回馈#21
Y: 赞赏个人主页。点赞回馈#21
Z: 赞赏个人主页。点赞回馈#21
AA: 赞赏个人主页。点赞回馈#21
AB: 赞赏个人主页。点赞回馈#21
AC: 赞赏个人主页。点赞回馈#21
AD: 赞赏个人主页。点赞回馈#21
AE: 赞赏个人主页。点赞回馈#21
AF: 赞赏个人主页。点赞回馈#21
AG: 赞赏个人主页。点赞回馈#21
AH: 赞赏个人主页。点赞回馈#21
AI: 赞赏个人主页。点赞回馈#21
AJ: 赞赏个人主页。点赞回馈#21
AK: 赞赏个人主页。点赞回馈#21
AL: 赞赏个人主页。点赞回馈#21
AM: 赞赏个人主页。点赞回馈#21  
AN: 赞赏个人主页。点赞回馈#21
AO: 赞赏个人主页。点赞回馈#21
AP: 赞赏个人主页。点赞回馈#21
AQ: 赞赏个人主页。点赞回馈#21
AR: 赞赏个人主页。点赞回馈#21
AS: 赞赏个人主页。点赞回馈#21
AT: 赞赏个人主页。点赞回馈#21
AU: 赞赏个人主页。点赞回馈#21
AV: 赞赏个人主页。点赞回馈#21
AW: 赞赏个人主页。点赞回馈#21
AX: 赞赏个人主页。点赞回馈#21
AY: 赞赏个人主页。点赞回馈#21
AZ: 赞赏个人主页。点赞回馈#21
BA: 赞赏个人主页。点赞回馈#21
BB: 赞赏个人主页。点赞回馈#21
BC: 赞赏个人主页。点赞回馈#21
BD: 赞赏个人主页。点赞回馈#21
BE: 赞赏个人主页。点赞回馈#21
BF: 赞赏个人主页。点赞回馈#21
BG: 赞赏个人主页。点赞回馈#21
BH: 赞赏个人主页。点赞回馈#21
BI: 赞赏个人主页。点赞回馈#21
BJ: 赞赏个人主页。点赞回馈#21
BK: 赞赏个人主页。点赞回馈#21
BL: 赞赏个人主页。点赞回馈#21
BM: 赞赏个人主页。点赞回馈#21
BN: 赞赏个人主页。点赞回馈#21
BO: 赞赏个人主页。点赞回馈#21
BP: 赞赏个人主页。点赞回馈#21
BQ: 赞赏个人主页。点赞回馈#21
BR: 赞赏个人主页。点赞回馈#21
BS: 赞赏个人主页。点赞回馈#21
BT: 赞赏个人主页。点赞回馈#21
BU: 赞赏个人主页。点赞回馈#22
",0
"B: 荣耀 队伍 资料
",0
"A: 有人帮我carry #17吗?  \n  
A: 有人帮我carry #17吗?  \n
A: 有人帮我carry #17吗?  \n
B: 为我的莱拉#16一个好坦克,北美服  \n
B: 为我的莱拉#16一个好坦克,北美服  \n
B: 为我的莱拉#16一个好坦克,北美服  \n  
A: 有人帮我carry #17吗?  \n
C: 给我的安吉拉一个主输出,美服  \n
B: 为我的莱拉#16一个好坦克,北美服  \n
A: 有人帮我carry #17吗?  \n
A: 有人帮我carry #17吗?  \n
A: 有人帮我carry #17吗?  \n
C: 给我的安吉拉一个主输出,美服  \n
B: 为我的莱拉#16一个好坦克,北美服 \n
C: 给我的安吉拉一个主输出,美服  \n
C: 给我的安吉拉一个主输出,美服  \n
B: 为我的莱拉#16一个好坦克,北美服  \n
A: 有人帮我carry #17吗?  \n  
D: 美服多角色荣誉王者排位  \n
B: 为我的莱拉#16一个好坦克,北美服  \n
A: 有人帮我carry #17吗?  \n
D: 美服多角色荣誉王者排位  \n
A: 有人帮我carry #17吗?  \n
B: 为我的莱拉#16一个好坦克,北美服  \n 
A: 有人帮我carry #17吗?  \n
A: 有人帮我carry #17吗?  \n
C: 给我的安吉拉一个主输出,北美服  \n
C: 给我的安吉拉一个主输出,北美服 \n
E: Yonsalchichon \n
C: 给我的安吉拉一个主输出,北美服  \n
C: 给我的安吉拉一个主输出,北美服  \n
C: 给我的安吉拉一个主输出,北美服  \n
C: 给我的安吉拉一个主输出,北美服 \n
C: 给我的安吉拉一个主输出,北美服  \n
C: 给我的安吉拉一个主输出,北美服  \n
C: 给我的安吉拉一个主输出,北美服 \n  
C: 给我的安吉拉一个主输出,北美服  \n
C: 给我的安吉拉一个主输出,北美服  \n
C: 给我的安吉拉一个主输出,北美服  
",0
,0
"B: nit#83
C: 我1个人 trio 排位  
A: mythic邀请
B: hi#64
C: 邀请需要中单的
D: 排位邀请
E: 马上邀请
C: 邀请1个人
",0
"B: I didn't mean it  
C: it's okay, just buff it
A: 52530
",0
"B:要是给我注意吗?\n
A:这是韩国人的战术。\n
B:你不能让一个自恋者丢脸。\n
A:如果三排我会认真的。\n   
B:你以前被我羞辱5局的时候不这么说的。\n
A:单排我只会练英雄。\n
B:哥们你真会装逼。\n
A:如果看我单排,不要带主英雄来。\n
B:只会让他更自大,兄弟。\n   
C:什么好ADC啊!\n
D:带安吉拉又不违规。\n
C:你以为你比我这个辅助强?!哈哈哈!\n
D:哈哈哈哈!\n
C:我都不知道你是谁。\n
D:我喜欢!
",0
"B: Haha
A: Who are you?
B: Let's go!
A: Yay!
B: Haha
A: 1v1 me!
B: 1v1?
A: Let's play later! 
B: Okay!
A: Later!
B: Let's play!
C: We're late to the game bro!
B: Haha gotta go fast!
",0
"B: No Translation
C: No Translation 
D: di tanah (on the ground)
E: oke siyang (okay bro) 
F: 52530
G: No Translation
H: No Translation
I: No Translation
J: lu gapunya ibu belagu (you don't have a mother to be arrogant)
",0
"
A:哈哈哈哈

A:哈哈哈哈

1:对不起网络不好  

1:网卡了  

1:哈哈哈哈

2:是的  

2:我真高兴  

2:哈哈哈哈

2:哈哈哈哈

2:哈哈哈哈 

1:哭得更厉害吧

1:我要和弗兰科去抢人头

3: 50794
",0
,0
"B: wkwk pì ma
",0
"A:查看我的个人资料\n 像我的个人资料!\n B:-1 等级\n C:-1 等级\n D:-1 等级\n E:-1\n F:-1\n G:-1\n H:-1\n I:-1\n J:-1\n K:-1\n L:-1\n M:-1\n N:-1\n O:-1\n 像我的个人资料!\n A:查看我的档案\n B:-1\n C:-1\n D:-1 等级\n E:-1 等级\n F:-1\n G:-1\n H:-1 等级\n I:-1\n J:-1
",0
,0
,0
,0
"B: Anyone in Istanbul looking to drink whiskey, add me, let's get to know each other
A: Anyone in Istanbul looking to drink whiskey, add me
B: Anyone in Istanbul looking to drink whiskey, add me
A: Anyone in Istanbul looking to drink whiskey, add me
B: Anyone in Istanbul looking to drink whiskey, add me
",0
"B: are you single ?
C: why do you keep killing me haha
D: are you a baby?
A: lance
E: baby lance
F: lance before the game ends I have a question haha
G: lance don't kill me
H: wow baby?
I: haha
",0
,0
"B: Hello

B: You
A: I'm doing well, thanks for asking
B: Great
C: ???

A: I'm playing Mobile Legends
B: Nice! I love that game
C: Cool, who are you playing as?
A: I'm using Miya
B: Nice, she's pretty strong right now 

C: Lol
A: Haha yeah she wrecks if you know how to play her
B: For real, she's so annoying to play against
A: Thanks! I've been practicing with her a lot
C: That's awesome, wanna play some rounds together later?
A: Sounds good! I'll be on later tonight
",0
"A: tank bosss glory
B: need angela honor
A: angela
C: help me with angela honor  
B: min 1 user angela.honor
D: let's go for glory guys party up
",0
"B: block la 
C: clear minion duluuuuu
D: minion sikit pun nak clear
E: suren
F: hahaha guin is a ks addict
",0
,0
"B: weed mustache  
C: mid lane tank
",0
,0
"A: Terbaru recently got MVP with Vale, with a score of 12/4/9. Reliable teammate!
",0
,0
,0
,0
,0
"B:为什么?我们可以赢的
C:这些家伙只在乎经验值。别理他们。
A:我刚刚拿到尼克尔,伙计,闭嘴! 
B:哈哈哈
A:我就要降到黄金了
",0
"C: I'm so sleepy zzzzzzzzz :(  
C: Super easy
C: I can beat you all with one finger zzzzz :(
",0
,0
"B: 没关系
A: 嗯,我状态不太好
B: 抱歉,我要离开了
",0
"B: 对
A: 我忘了吧 无所谓
A: 对 诺维亚(英雄名字)
B: 你以为自己是剑圣吗(一个英雄名字)
B: 傻逼 诺维亚
B: 傻逼诺维亚
B: 看着我打怪 等我发育好了 再来 PK 吧
B: 傻逼
A:什么
A: 开心
B: 我的团灭你们了
B: 哈哈 傻逼
B: 傻逼诺维亚
A: 当然
A: 你 
A: 也不帮忙 结果就输了
A: 哎
B: 你特么在说什么
A: 可惜了
",0
,0
,0
"B: 什么角色?
A: 你选了啥?
A: 你选了啥?
A: 你选了啥?职业或者位置?
C: 跟着这个菜鸟ADC, 把他当腊肉扒皮。
B:
",0
,0
,0
"B: 随你的便吧
C: 我的账号
",0
,0
,0
"B: sainn ft harley\n
C: 无聊\n
A: YouTube无聊\n
B: 是因为YouTube无聊吧\n
C: 无聊\n
A: 1/YouTube真无聊
",0
,0
"B: 你那边塔挂了,赶快旋转\n
C: 52330\n
D: 好嘞风筝\n 
E: 离那边中路远着呢\n
F: 就会拆塔,不会输出\n
G: 推塔不输出伤害哈哈\n  
H: 我就是现在知道风筝会用无尽战斗哈哈哈\n
I: 哈哈\n
J: 滚滚滚\n
K: 50794\n   
L: 喂法师去哪了\n
M: 没药给中路\n
N: 会被坦克干掉哈哈\n  
O: 中路法师输出为零哈哈\n
P: 会旋转都不会,哈哈哈\n
Q: 当小兵算了吧,当中路法师一无是处\n
R: 先练好1技能吧\n
S: 当小兵算了,当中路法师一无是处\n
",0
,0
"B: Damn the wifi is disconnected 
B: bye
C: ML is a fun game with very stable network
A: Lose to people with lag
A: Lose lose
",0
,0
"B: 装模作样  
C: 三人装模作样  
D: 开玩笑的爪哇  
E: 4 4 要死啦  
F: 赶快离开吧要死啦  
G: 没用的爪哇
",0
"B: no translation
A: no translation
B: no translation 
A: no translation
B: no translation
A: no translation
B: no translation
A: no translation
B: no translation
A: no translation
",0
,0
,0
"B: Random Duo
",0
"
B: NOOO

A: Julián don't desert
disappoint

B: I was the tank

A: belerick ezzzz

A: hahaha

A: 2 marksmen no 

A: 2 adc nooo

B: cut the bushes

C: thanks thanks for the help

B: guin pure bush

C: do we have tank??

A: prioritize turrets
",0
"B: 阿伟和他4个混蛋玩伴玩游戏
A: 怎么了阿伟?
B: 对不起
B: 阿伟去获得经验
A: 好的
我只拿了2蓝
",0
"B: 哈哈哈哈
C: 谢谢你魔法师!
D: 良好的游戏
E: 哈哈哈哈哈 3对1 这样!  
F: 巴尔蒙德你这个儿子强奸了你妈!
G: 我要肏你妈这里,孩子,你看不见吗?  
H: 我不会做废了
",0
,0
"B: 你们小看它
C: 都过来
",0
"B: 我看比赛  
B: 所以想到了点子  
B: 后期游戏很难
B: 换个英雄  
B: 经验值刷新得太快  
B: 经验值换个英雄
B: 换个  
B: 换个
C: LOL 啊
D: 呵呵
C: 模拟对战啊  
B: LOL 所以想到了点子 模拟对战
B: 把地图放大  
E: 这两个法师一点用没有啊  
B: 地图  
F: 263在LOL里做什么?  
F: 263还是去模拟对战吧  
G: 好笑  
H: 你模拟对战游荡不知道位置
",0
"A: 这些不好翻译

",0
,0
"B: 我中路上分90%以上  
C: 你中路上分90%以上
A: 我中路上分90%以上 
D: 排名赛中路上分85%以上 #25
A: 排名赛X100以上
",0
,0
,0
,0
"
B: choose cheng e but i'm scared

C: who choose 

A: let the one who choose play..hahaha

B: i didn't choose already got 3 kills..hahaha
",0
,0
,0
"B: 1/core
C: 哇
D: 莱斯莉看起来刚才吓了一跳哈哈
E: 谢谢您
",0
"B: 承载两个玩家
哈哈哈
您怎么不接受像机器人一样玩的建议
Lance 悲伤男孩
printapan
再有一点就到5k了
nova 取得胜利
你拿了我的金币吗?
在oas的时候请看好wr
看好wr混蛋
想要教mm吗?
想教lesly吗?
如果没办法拿到金币就自己放弃吧
哈哈 lance vpn作弊
mmr 1k
1 5 6
哈哈 printapan
printapan 最强
在哪??
地图
",0
,0
,0
"C: Below @Jonathan
A: Why is @Florin playing like garbage?
B: What can @Florin even do?
",0
,0
,0
,0
"No Translation
",0
"No Translation

",0
"B: 支援好的坦克后备 
C: 他真惨
D: 我知道
E: 坦克好棒
F: 哈哈哈
G: 1/请求
H: 原因  
I: 哇
J:哈哈哈哈
K: 062 坦克至此级别
L: 他的游戏玩法史诗级的
M: 果然如此
N: 他确实强
",0
"B: No Translation 
C: 1/s5 saber\n1/gw bebas\n1/boleh\nB: No Translation
A: mntp\nwkwkwkwkw
C: No Translation
B: 1 nyrng
",0
"B: 典范?
C: 切,典范模式吧。  
D: 典范模式的位置。  
A: 切,典范模式吧。
A: 切,典范模式吧。
C: 切,典范模式吧。
E: 玩典范模式。  
A: 切,典范模式走起。
A: 切,典范模式吧。
F: 典范模式的位置。
A: 切,典范。
G: 典范模式的位置。
G: 典范模式的位置。
A: 切,典范模式吧。
H: -1 好基友。
C: 切,典范模式吧。  
C: 切,典范模式吧。
A: 切,典范模式吧。
A: 切,典范模式吧。 
A: 切,典范模式吧。
F: 典范模式的位置。
F: 典范模式的位置。
A: 切,典范模式吧。
I: 加入典范模式。
J: 典范模式的位置。
C: 切,典范模式吧。
A: 切,典范
",0
"B:没门儿
C: 52839
D: 50987
B: 没门儿老兄 马达楚特
",0
,0
"B:再战吧
C:挨打太惨了
D:十分抱歉
E:又要哭着滚来滚去了吧
F:哈哈哈兰斯啊
G:那个谁啊?
H:哭鼻子的家伙
I:喂!坚强点!
J:分数10.9
K:一边哭一边玩的家伙
L:真扯蛋
",0
,0
,0
"B: 50794
",0
,0
,0
"A: 发展? \n 不错的团队
",0
"B: 52533 (no translation)
C: G Minat   (no translation)
D: Mau nya seg dan ew
",0
"B: 好的
C: 好的 
D: 好的
",0
"B: rank   
C: hi  
D: hi
E: I'm selling lemons  
F: I'm selling lemons
G: I'm selling lemons for 100 diamonds, I have 2 left,,,rank Colombia server...invite hot   
H: 1rank
I: rank Colombia  
J: looking for affinity duo 
K: pack for 100diamant3s
L: video call
M: hi
N: pass pack for 200 diamonds
O: video call I'm alone in pajamas, 100 diamonds
P: sugar daddy
Q: video call I'm alone in pajamas, 100 diamonds
R: hi rank I'm from Colombia paisa mor
S: his
T: pass pack for diamonds
U: pass pack
V: I'm selling lemons, I have 2 left
W: I'm selling lemons for 100 diamonds, I have 2 left
X: hi
Y: 1rank  
Z: hi looking for duo
AA: I'm looking for duo I'm from Colombia
AB: anyone rank?
AC: duo
",0
"B: You're a pro at being a tank! 
C: Cover my back, bro!
D: You know music, right?
",0
"
B: 52530

A: brp jam sejam ratus

B: knp gak gank pas yin dtng??
",0
"B: 52530
C: Haha
",0
"  
B: Lols
  
C: End fast ya
  
D: Haha Lols
  
E: Troll
  
F: Pros
  
G: Yeah yeah, whatever you want
  
H: Trio lols
  
I: Say whatever you want la
  
J: Good game, good draft
",0
"A: woman also jg XD that's why
",0
"B: 50794
C: 50794
D: 52530
E: Next time when you boost me, boost me to Glory rank.
F: That's hilarious.
",0
"B: haha you'll still get banned right? haha
C: haha on stream he picks double adc, even more reason to get banned
D: hahaa his stream says how to get banned by picking double adc haha
",0
,0
"C: estate 
D: 1/estos 4 de en formar una escudra en el free
E: 1/ya sonsoputa
F: mejor calladita
G: no al mago
H: el mago una ccaggda
I: 1/silencio
",1
"我只会坦克,老大\n
A: wkwkwk
哈哈哈
C: 50794
C: 52531
B: 可怜兮兮的孤儿
B: 哈哈哈
A: 法师 kk 哈雷
",1
,1
"B: No translation 
C: No translation
D: Change name to Lance Prindapan
E: Teach Lance Prindapan for free here
F: Prindapan learn here
G: Free for Prindapan 
H: #Prindapan
I: Lol Lance Prindapan teaching Glory
J: Shy?
K: Is Lance Prindapan mentally safe?
",1
"B: 就是这个。报告那个该死的职业中卫。  
A: 高个子的傻子。你的妈妈要被封号了。
B:好的太子。做的好你这个垃圾。
A: 你被强奸了 你个垃圾。
B: 卸载游戏然后闭嘴吧你个垃圾袋。
A: 都怪那些该死的中间路。中间路不给力。
B:哈哈哈傻逼。  
A: 报告那个被强奸的黑鬼。 垃圾孩子。  
A: 报告中间路。 垃圾孩子。
B: 跟你妈妈我继续她在四条腿上。  
A:好的中间路赶快啊哈哈哈。 报告那个被强奸的中间路孩子。
",1
"All chat are Simplified Chinese characters, translate into English:

A: fuck you dina
50794
A: exp who
A: dont first pick bro
A:layla dont act cocky
NANA YOU MOTHERFUCKER
A: whisper 
A:layla pick someone else  
A: Gross nana
A:dinnaaaaa you assshoooole
just go play brawl
teeeemmmpick
ganging up mentally
52530
mageeeeefuuuuckkk
vale just afk useless
im just fodder obviously im tank
alright funny
you mage just farm exp like fuuuuccckkkk
dont be cocky
we regroup first
martia come back here gather up
already gathered up if want to go back dont rush enemy
",1
,1
,1
,1
,1
"B: You have to come on time during Vale era. Don't sleep. 
A: What's the difference? 
B: Try Jaw
A: They don't give vision. Guys, hurry up and finish, are you guys stupid?
C: Hey fat ass Lol player Selen
D: Come on voice chat and let me show you your mom
E: Pushing at last minute. Idiot.
F: I'll fuck the mother who gave birth to you, Vale.
G: What's Orman 3 11? 
H: You're playing terribly.
I: I'll fuck your AFK game, play your own game. Motherfucker.
J: We always get matched up with you assholes.
",1
"B: 把技能1留着对付敌人。法师 法师
C: 法师不用脑子哈哈
D: 
E: 法师美其名曰升级 但没有用。我本可以上法师
F: 你自告奋勇要升级,当我要求上vexana
G: 你在炫耀你的数据?
H: 你问题在于没用
I: 法师就算你不行也要硬上
J: 冬季之狼随时活跃,哈哈大笑
K: 新手炫耀数据哈哈
L: 女孩,正因为你是新手
M: 女的
",1
"B: 法师和远程输出真垃圾
C: 你只有4次助攻
D: 你这是抢人头
E: 你就是菜
F: 1/废物远程输出
G: 0-4
H: 1/以后别再用莉莉丝了
I: 1/谢谢你的帮助
J: 1/还有你没帮忙的那两条龙
K: 你用远程输出太烂了
L: 远程输出一点忙都帮不上,废物
M: 5 击杀数/死亡数/助攻数
N: 我们屎一样
O: 1/团战里只有18% 
P: 1/超级烂
Q: 1/那是你的问题
R: 1/你太烂了
S: 1/完全没帮上什么忙
T: 1/只有5次助攻
U: 1/还有那1次击杀
V: 1/垃圾
",1
,1
,1
"B: support f.dp
A: angela shut up
B: For me, everyone can f**k off
If the f**ker aren't from Guinea who comes here
Play with your duo d**khead  
Stop for a while
5 minutes 0 assists
",1
,1
"A: 如果你不想玩就不要玩,让别人难受。
C:哎呀,乱七八糟的。
B:像没用的动物一样。
C: 你妈的屁股妈的。
A:动物没用的。
D:不要再当暗黑领主了。
A:像你爸一样把你禁言吧。
B:这个魔法师真累。
C:看到魔法师的伤害,没用的射手真恶心。  
A:哎呀,有人被禁言了。
E:哎呀。
F:在干嘛呢?
G:莎贝拉不是垃圾英雄。
G:看到了吗?
H:法师很厉害,哼哼。
C:射手在干什么?去擦屁股吧,你妈的屁股吵死了。
B:哈哈哈。
C:射手就当机离开吧,一点用都没有。
B:去拉三轮车吧,射手。
C:射手去哪了?
B:希尔达不要锁坦克!  
C:法师险些单杀射手,幸亏有法师。
C:太丢人了。
A:自己滚开吧。
A:真丢脸,不会丢脸吗?
G:保护法师吧,射手,没用的阿卡伊。
B:丢掉这场比赛吧,射手。
C:就像讨钱的乞丐,射手真恶心。
G:射手在成千上万的比赛里表现像动物一样。
C:你妈是动物,所以你也是动物。
C:最后,没用的射手就是动物。
",1
"B: 在你妈妈的逼里插根鸡巴
C: 滚开,操你妈的
A: 耶你妈的逼吧
B: 不可能的哥们
A: 滚开,插你妈流脓的逼
",1
,1
"B: 滑动不流畅就别排名了,还是练练吧  
C: 我去,编辑掉  
D: 傻X   
E: 2333 玩儿完了
",1
"B: 我的天啊,别哭啊
C: 需要支援吗?想投降吗?
A: 去你妈的,滚你妈逼的
B: 你他妈就会躲在灌木丛里
C: 真没劲
A: 新年快乐哈哈哈
B: 我要抓住你,然后揍你一顿,结果你跑了
A: 你丫的是傻逼
C: 刚从英雄联盟出来,也许我手残了吧
A: 蹦蹦跳跳
B: 吃什么了?  
C: 什么
A: 好甜
B: 兰斯洛特你怎么这么走路!太好笑了!
C: 是啊,每次看到他走路我就笑出声
A: 噢,亲爱的
B: 你要去哪里?我的宝贝
C: 我愿意为你而死
A: 不要
B: 我的天,他怎么能这么走路!
C: 我同意兰斯洛特的看法
A: 我要杀了你!
B: 太有意义了
C: 我请你吃冰淇淋
",1
,1
,1
"B: Nana hanya ingin AFK.
C: Nana tidak punya ayah.
D: Hanya troll saja bro. 
E: Terserah aku.
F: Sengaja.
G: Malas punya Nana epik.
H: Kata aku apa lebih baik troll?  
I: Nana epik.
",1
"B: si ireng sok kras
C: 你在干嘛 我已经单身很长时间了 没有恋爱 
A: 名字就像昂贵的东西
C: 据说表面纯洁 实际上很开放 哈哈哈
B: 哈哈 很廉价的样子 

A: 小心你 哈哈哈 很廉价 不要假装强硬
B: 廉价的都安静了 廉价的东西
C: 你奶奶才廉价 我怎么可能廉价
A: 那么他带来的东西已经超过5寸了吗
",1
"一个猴子
别乱插嘴,傻逼
我不玩他们
砍掉你们一家人的头
猪
妓女的儿子(脏话)
如果他当着我的面说这话 我会狠揍他一顿
装逼的畜生
狗娘养的
我操你那母猪
泰国妓女拉稀
B:卧槽乌克兰佬
C:我祝你
赶紧死
被雷炸
又在装逼?
畜生
我日你妈了
D:闭上你的臭嘴
E:狗乌克兰佬,去你妈的
F:来点更多(脏话)
G:卧槽乌克兰佬
当然 
我的哥们
快点买哨子
学会读书吧
打掉你的门牙
",1
"B: 嘿这就对了 
A: 向万万而不是赖拉 
B: 有趣?
A: 搞笑清醒
B: 怕赖拉变成是吗?
B: 怕和赖拉对战吗,亲爱的?
B: 你紧张吗,孩子们?  
B: 孩子们?
A: 有趣,你还好吗? 
A: 你真幸运啊
B: 紧张
B: 孩子们紧张吗?
A: 孩子们你紧张吗?
B: 紧张,孩子们? 
",1
,1
,1
"B: 撒气吧\n把她玩坏吧  \n1/这是林格要我做的\n1/快点完成\n1/等级s是什么\n我需要安吉拉撒气\n如果4\n撒气吧\n耶
",1
,1
"B: 我刚才说过让他选择那个英雄的
C: 对啊,快去举报granger
A: 我刚才也说过让他选那个英雄了
B: 等一下,看这个家伙,哈哈
C: 报告一下这个granger
A: 你妈是个傻X
B: 去X
A: 举报granger
C: 对啊,举报granger
A: 我刚说过让他别选那个英雄
B: 求求你
A: 谁?
A: 脑残
",1
"B: troll s4\n
C: 你最好哭哭啼啼 s4\n 
D: 提升\n
E: S2已经是打野了\n
F: 没人在乎你这个垃圾\n
G: 闭嘴吧你说的比打的多\n
H: 从来没见过这么爱说话的\n
I: 你只会抱怨,结果你们都在基地里躲着\n
",1
"B: 2个人在清线 
C: 如果不是所有5个人 一起别过河
D: 一起战斗
E: 我们推不了
",1
"B: ceci?
A: karina karina
B: You're like a turd kid 
C: This kid is always turding
A: Your skill one is to run away turding
B: Loser hero
C: Sticker idiot
B: Let's play
C: Sigh
",1
"B: Is that true?
B: Do you know?
A: I heard that Malaysia all Malays samba bapy
B: Is that true?  
A: I just heard
B: Do you know?
B: Is that true?
B: Do you know?
A: Why get angry
A: I just heard
A: I heard that Malaysia all Malays samba bapy  
B: Is that true?
A: Don't get angry
A: I heard that Malaysia all Malays samba bapy
B: Is that true?
B: Like to curse ancestors only
A: Don't dare
B: Like to curse ancestors
A: I heard that Malaysia all Malays samba bapy
B: Is that true?
A: I'm scared
B: If not, answer not
A: Sorry bapy
A: I heard that Malaysia all Malays samba bapy
A: Sorry sorry bapy
A: I heard that Malaysia all Malays samba bapy
B: Answer la
A: I heard that Malaysia all Malays samba bapy
B: Is that true?
A: I heard that Malaysia all Malays samba bapy  
B: Samba bapy
A: I heard that Malaysia all Malays samba bapy
B: Ooooo he's not happy ah
A: I heard that Malaysia all Malays samba bapy
B: Your mamak wait for him
Dare to call Allah come
Dare or not  
B: Samba bapy
Dare or not
Come on la
Call Allah come la
A: Go home and curse ancestors only
Call Allah you come la
Busy cursing ancestors only
B: Hahahaha
Call laaaa Allah come la
Dare or not
A: I heard that Malaysia all Malays samba bapy
A: I heard that Malaysia all Malays samba bapy
A: I heard that Malaysia all Malays samba bapy
B: Allah lose 
A: I heard that Malaysia all Malays samba bapy
B: Is that true?
",1
"B: 这狗娘养的  \n混蛋一个
C: 我操你全家 \n 我也操你全家
D: 我操你妈 \n 狗娘养的一个
E: 我操你妈  \n妈的 我也操你妈
F: 要是你能好好帮忙就不会这样了\n 你张也以为自己在打游戏啊。
G: 我操你妈你爸\n 你们不会玩就别装B
H: 这帮狗娘养的\n 这队伍没有信仰的畜生
I: 要是你不说清楚你就是狗娘养的
",1
,1
"A: 好像有人想要丛林吗?发言的是不会旋转的废物k5k5,这是我的克星,你什么都不知道还自称是神话级别的, 说起史诗级而自己糟糕透顶,让我先选择英雄,真是史诗级的典型,有人要求升级吗?带着科加夫当坦克很明显。垃圾队友18。 没有人要求升级而他们偷袭counter,你连旋转都不会,去你妈的,阿三受伤了对吧?正如你讨厌的那样? k5k5小队不知道什么才叫克星。
]]>
",1
"B: 无翻译
C: 无翻译
",1
,1
"A: orphan, what are you doing? Where do the idiots go? Hey, idiot kids!

",1
"B: 嗨,A,我是骗子  
A: 嗨,B,戳
B: 嗨,A  
",1
,1
,1
"B: 至少 击杀 莱拉
C: 神经病
D: 击杀莱拉啦,怎么 只有 我
E: 故意 看我的JJ
F: JJ 在 下面
G: 用 威震天 和 哈莉奎茵 的JJ
H: 我已经 引诱 那两个人的JJ
I: 我追法兰克 不是 主谋那两个人的JJ
J: 哈莉 和奥德修斯
K: 我已经 终止 格兰吉
L: 看到奥德修斯 好笑死
M: 傻B
N: JJs
O: 哈哈
P: 谢谢 我
Q: JJ  
R: 我忍了4秒  
S: 至少 击杀 莱拉
T: 1/奥德修斯 更 傻B  
U: 1/奥德修斯更 笨
V: 神经病  
W: 哦,伙计
X: 用 威震天 和 哈莉奎茵 的JJ  
Y: 莱拉 在 上面
Z: JJs
AA: 哈哈
AB: 我已经 引诱 那两个人的JJ
AC: 哦,伙计
AD: 我忍了4秒
AE: 我追法兰克 不是 主谋那两个人的JJ
AF: 1/奥德修斯 更 傻B
AG: 1/奥德修斯更 笨  
AH: 刚 躲开  
AI: 刚 躲开
AJ: 莱拉 在 上面
AK: JJ
AL: 我已经 终止 格兰吉
AM: 我 和saber 换 角色
AN: 我 和茶
AO: 我 和茶
AP: 莱拉 在 上面
AQ: 你们的JJ
AR: 你们的JJ
AS: 哈莉 和奥德修斯  
AT: JJ
AU: 击杀莱拉啦,怎么 只有 我  
AV: 谢谢 我
AW: 看到奥德修斯 好笑死  
AX: 故意 看我的JJ
AY: 傻B
AZ: JJ 在 下面
",1
"B: vai da gg fácil em masha  
C: lilia don't feed please 
A: kkkkkkkkkkkkk
A: 1/I said
A: 1/kkkkkkkkk  
A: 1/You are so bad
A: 1/you play so well
A: 1/piece of sh*t
B: masha vai da gg
A: kkkkkk
C: then give her a double kill, btch
",1
"B: bunuh zhack
A: gpang dia  
C: ga ada otak
B: si zhack hahaha
A: 50794
B: hahaha
C: semangatin bg
A: modal stun
B: mengerikan dora nya
C: zhack gila
A: jabran hahaha 
B: 52533
A: 1/cek wr uy
B: venus knpa skin nya kaya gembel
C: emang
A: zhack di mid lg brawl
B: biarin aja zhack
C: anak bawang
A: hahaha
B: hahaha
C: afk semua
A: sisa anak bawang
B: jgn di bunuh
",1
"B: No Translation
C: No Translation
D: No Translation
E: No Translation
F: No Translation
G: No Translation
H: No Translation
I: No Translation
J: No Translation
K: No Translation
L: No Translation
M: No Translation
N: No Translation 
O: No Translation
P: No Translation
Q: No Translation
R: No Translation
S: No Translation
T: No Translation
U: No Translation
V: No Translation
",1
"B: 再试一次吧 算了 
A: 游戏让我的排名降低
B: 别放弃 大哥 你工作了 不该整天玩游戏
A: 真的假的?笑出声 
A: 弗朗哥修车 很牛逼 帮我治疗
C: 典型的印尼人
B: 保护新手 笑
B: 哪个更坑?和那些嫉妒复活免费的人一队?笑出声
B: 已经这样还很在意!笑翻了
B: 复活免费都会被嫉妒 笑哭
C: 真的假的?笑出声
B: 跟我来
B: 别理他笑哭
B: 不管你有什么问题,和我没关系
",1
,1
"B: 50794
A: 天呐,奥德伦
B: 诺娃中单啊
A: 我们的队里这位大师才合适
B: 我知道他会打死他们的大师
A: 米娅是谁?
B: 哈哈锁定别人家的大师
A: 谁和我一起排位啊,那个米娅
A: 我的天,大师呀  
B: 我发誓,以后这个时间别再打了
A: 我们俩一起打野吧
A: 我要强奸你妈,兰斯
B: 米娅是谁?
A: 52530
B: 1/软弱的赫尔莱
A: 米娅和大师兰斯还有诺娃都不懂
B: 卖你妈,米娅
A: 兰斯装逼装的很
B: 无脑玩过啦
A: 你这个feeder
B:  兰斯拉裤子尿床单了
B: 卖你妈,米娅 臭b
A: 我的胜率被毁了
B: 米娅米娅米娅米娅
B: 米娅请删游戏吧
B: 装的那么强
A: 1/?
A: 小心封号
",1
"B: 习惯就好,会赢的
A: 有些女生可以玩,但是你不行
B: 辅助他们
A:哈哈哈
B: 一切都崩盘了
A: 你打野还是辅助?
B: 带米德去吧
A: 哈哈哈
C: 只有脑残队友
C: 只能举报这个混蛋
B: 输给脑残队友吧
A: 这个脑残队友拿了ADC, 只会送
B: 辅助他们
C: 现在泡泡脑残队友我是不会帮助的
B:辅助他们
A: 和女生一起玩真的很烂
B: 不要这样
A: 去帮助打野脑残队友
B: 这就是为什么Bonita是专业选手
A: 我想让这个脑残队友输
B: 加油吧
A: 真脑残
",1
"
B: no translation
",1
,1
"B: So bad at controlling your hero.
C: Thanks, team.
D: Lagging so much.
",1
"B: 选个不错的坦克吧  
C:玩得好点  
A:不能说是因为队友才输的  
B: 请求  
C: 我的天啊为什么分这么低  
A: 只依靠被团队带走拿分  
B: 分数低  
A: 真可怜
",1
,1
"B: 退还我的皮肤吧,老兄  
A: 你这个英雄害人啊  
B: 想象一下经典和排位赛吧
C: 退款吧  
A: 退款/退款
",1
,1
,1
"A: 女人甚至没有发言权\n
A: 去洗碗去吧\n
A: 哇,恭喜你\n
A: 你想要什么\n
A: 你还要继续故意输掉比赛吗,哈哈哈\n
B: 闭嘴吧\n  
C: 天呐,莱斯利\n
C: 没办法仅靠莱斯利玩,她已经强很多了\n
D: 艾欧泽拉好\n
B: 闭嘴吧\n
D: 艾欧泽拉好\n
E: 哈莉
",1
"Apasih mm: B: What's up MF  
52530: C: F*** you
Ulti apaan rot????: D: WTF ulti??
Anaaaak H4RAM MM: E: You son of a b**** MM
M4ti ortu lu ya?: E: Your parents dead?
Mmpuss: E: F*** off
Mm mm: B: MF MF
Rot rot: F: SOB SOB
Mm mm: B: MotherF***er  
Jawa jawa: G: Indon Indon
1/Duo Y4T1M: H: Our duo is orphan
1/mm mama nya M4TI: I: His mom dead
1/SAMA BAPAKNYA: I: Same with his dad
1/MMPUS: I: Dead AF
1/YTEEEAM: J: Yoooo our team
",1
"B: 好的\n
A: 小心莱西和莫斯科哦\n  
A: 真强\n
A: 我们需要个坦克\n
A: 我要去其他路巡逻\n
B: 我要脱掉你的裤子,你这个臭傻逼\n
A: 小心我举报你\n
B: 噢\n
B: 来吧,上我的路巡\n
A: 噢莱西\n
B: 我要脱掉你的裤子\n
A: 我还是去看比赛吧\n
C: 别说了别说了\n  
B: 你是男的还是女的?\n
C: 好了好了,专心对线吧\n
A: 我们可以推了\n
B: 他也不知道\n
A: 你只会团体暴打\n
B: 如果你是女的,我要带你去爱情旅店\n
B: 过来,让我吸吸你的胸部\n
B: 过来,让我上你
",1
"B: 吃你的饭。 
C: 退出吧,笨蛋孩子,他只会嘲笑对手。
D:别再喊叫了,如果你傻的话。
C: 你别玩了,如果只会玩法师的话,废物。  
E: 傻子哈哈哈只会法师所以狂叫哈哈哈。 
F: 这就是所谓的孩子气哈哈哈哈。  
C: 你还玩吗?我要看直播了。
",1
"B: 伙计,你在干嘛?
C: 有人开麦克风,我要骂到他妈都听见。
D: 嗯,变态啊。  
E: 詹奇,你XX的。 
F: 嗯哼,在伊芙中。  
G: 报告faramis。  
H: 开麦克风。  
I: 开麦克风。  
J: [occ]为什么不[ulti]打塔?
K: 我的天。
L: 詹奇,开麦克风啊。
M: 詹奇,开麦克风吧。
N: 詹奇,开麦克风。
O: 输了,occ。
P: 上帝啊,你要耐心一点。
Q: 哈哈哈。
",1
"B: No Translation  
C: No Translation
A: No Translation
B: No Translation
C: No Translation
A: No Translation  
B: No Translation
C: No Translation
A: No Translation
B: No Translation
C: No Translation
A: No Translation
",1
"B: Shut up Karina
C: This is such a f*ing bastard
D: Surrender or I will f* you all
",1
"A: 乌龟\n蓝色\n笑死\n基础\n我现在没心情认认真真的\n我们可能会输,你们会失去你们的范儿\n这只是1%的实力\n会变弱的\n我可是很强的\n天哪,太基础了\n太简单了\n你们还在为这种事努力吗\n这只是1%的实力而已\n弗朗哥送人头,输定了\n再强一点\n99%的实力会更弱\n1/笑死,太弱了吧\n1/哈哈哈哈\n太弱了\n加油吧,我已经被基础操作打败了\n只是被基础操作打败而已\n会变弱的\n嗯\n1/一帮菜鸟

",1
"B: 过于滞后的炙热气体
A: 这绝对是作弊
B: 作弊者bb
C: 你这个吵闹的法师一无是处 
A: 1/住嘴吧  非诺伊 10
A: 1/这是什么鬼名字哈哈哈
B: 关掉作弊软件 
C: 报告小丽是作弊者
A: 1/这些都是作弊者
",1
,1
"A: 不太清楚你在说什么。请说简单一些。
A:请保持礼貌。 
",1
,1
"B: shut up trash
A: run it down mid
B: bad team horrible 
A: feed mid
B: mid turret down
A: get mid turret
B: time to carry
B: support and jungle can carry okay?
A: yeah yeah 
B: don't say that
",1
,1
,1
,1
,1
"1/B: No Translation  
1/C: No Translation
1/A: No Translation
1/C: No Translation
1/B: No Translation
1/A: No Translation
1/B: No Translation
1/C: No Translation 
1/A: No Translation
1/B: Simplified Chinese Translation: 你的MMR只有3000多点吧,哈哈哈 
1/A: Simplified Chinese Translation: 慢慢来啊,笨蛋  
1/B: Simplified Chinese Translation: 我叫你慢慢读,你却完全不会读是怎么回事?
1/A: 好的
1/B: Simplified Chinese Translation: 嘿嘿,傻瓜
1/C: 慢点
1/A: 噢
1/B: 真是的
1/C: Simplified Chinese Translation: 傻瓜,你连读都不会读
1/B: 傻瓜
1/A: Simplified Chinese Translation: 谁是傻瓜没有发言!?
1/C: Simplified Chinese Translation: 我也是傻瓜,慢慢来,我们都不会读
1/B: Simplified Chinese Translation: 傻瓜连读都不会
",1
"A: tú dá ik
A: todo dia isso
A: q tecao
A: fic
A: tempo corrido burro
A: bane embasado
A: gg sem mid e roa
A: reportem pfv
A: Jeferson caminhões
A: Fumaça de protesto
A: picolé de asfalto
A: oh lapada seca
A: ksksksksksksk
A: me espera
B: dx eu stackar as 3 aq
A: pera
A: Me carrega bruno
A: karai dark
A: Pneu assassino
A: akkakasksksksksskskskakakakakakakk
A: N bate cabaço 
A: animal
A: vaj la
A: kskskskskskskssksks
A: bane tank mt legal
A: me dando 5k
B: ez
B: Mt eu esse nick ai
A: só queria um sexozin
",1
"B: what the fuck is this like crazy bastard lostrek
",1
"B: 好的 我去中路 
C: 约吗?让我们先进攻蓝区 
D: 当然可以 我去中路吧 
E: 好吧 
F: 中路我来 
G: 可以 我打野 
H: 野区给我蓝BUFF 
I: 好吧,慢慢来 
J: 吃了我的蓝BUFF! 太气人了!
K: 助攻中路! 
L: 好,我去助攻 
M: 不要啊,中路别去! 
N: 呵呵,这队友太烂了 
O: 报告一下 
P: 嗯 
Q: 超是废物 
R: 谢谢中路!
S: 抱歉,我是初学者 

",1
"B: 一个好法师 
A: 改变 
B: 升级 
C: 别再死了! 
B: 他只需要5秒就可以重生,哈哈哈! 
C: 卡萝多这个婊子养的法莎! 
B: 插个英雄会更好 
C: 法莎更TM的烂! 
B: 可怕的法师,哈哈哈! 
C: 报告艾迪丝,更TM的菜! 
B: 艾迪丝和法莎两个脑残! 
C: 我队全是脑残! 
B: 无能的法师 
A: 你说谁脑残呢,废物机器人! 
C: 请举报法莎和艾迪丝,谢谢!
",1
"B: No Translation
C: No Translation
D: No Translation
E: No Translation
F: No Translation 
G: No Translation
H: No Translation
",1
"A: Your Leslie is hyp
Caper
Are you epic?
B: Crap I play seriously core mm useless 
Not on purpose
But I did that just now I 
Report hyp I pretend to be a prophet
Banning is more important than not banning
Report Granger feeding
0 2 what is that
Why is Granger so bad
Already wrong emblem wrong item wrong skill mines
You feeder
A: Lol hyp
",1
,1
,1
,1
,1
"B:好好说话,你不要出言不逊
C:都出言不逊了还想教训别人,你真没素质
D:至少要有点自觉,对队友好一点
E:滚开,你让无脑的芬妮去对线
F:屌丝才这样,你懂吗
G:开黑别带新手玩家,你要认真点
H:无脑的傻子
I:对付无脑队友
J:举报这个脏话连篇的人
K:这个没素质的家伙,骂人还不停手
L:真扶不起的阿三
M:先把你妈找到再来玩,别快手
",1
"B: 我在下路。
A: 请求帮助。
B: 我们该不该升级这个英雄?
A: 呵呵,取消吧,不值得升级这个英雄。
损失惨重。
我还以为它有个大招呢。
嗯,中单。
不知道了。
本来想偷家,结果被反偷了。
中路送。
嗯,中单。
算了吧,一塌糊涂。
太简单了。
",1
"B:来吧,我会玩坦克
A:傻子,你只会坦克
A:我会玩mm但不会别的
A:没坦克
可以用mm吗
mm我们不认识地图
我刚才用那个mm结果就这样了
mm傻子,来帮忙吧,哥们
",1
"B:冷静点
C:冷静点迪士尼
D:闭嘴吧 
E:我让你闭嘴了
F:闭嘴!
G: 你是同性恋吗?
H:给小姑娘端来点吧,给她泼杯冰水 
I: 草你妈逼
J: 哪儿看见Faramis游荡,弗雷德里姆?  
K: 我的侏儒可以把你的盖伦打的落花流水
L: 卧槽法师狗日的,你他妈的憋着劲早泄啊  
M: 法师早泄哦
N: 太他妈不给力了  
O: 哈哈哈哈哈
P: Kagura比这个朋友强多了,简直就是狗屎
Q: 举报法拉米斯,请克林特帮我处理下
",1
"B:你嘛玩什么啊 
C:无视汉佬 
B:汉佬你来干嘛 
C:无视汉佬 
B:汉佬别玩了 
A:OK 
B:谁在喊? 
C:无视汉佬 
B:汉佬没道理 
C:是的,汉佬先练好瞄准,然后再来玩无视汉佬 
A:请 
A:去你妈的 
A:汉佬 
A:汉佬 
B:拿敌人的就行了 
C:无视汉佬 
B:问无视汉佬 
C:汉佬别玩了 
B:无视汉佬也一样 
C:估计是你才对吧笑死 
B:汉佬很怕噢 爱玩 
B:汉佬没逻辑
",1
"2/B: 50794
3/A: 经典 弄的咱们都认真了\npoqe 开玩笑\n跳跃
4/B: 52532
5/A: 经典 为什么纠结嘛 在捡垃圾的这个家伙\n纠结了\n怕被事实淹没\n自己看历史记录嘛 家伙
",1
"B: VERY SHITTTTTTT ROTTEN LOW ELO
C: like the animal with m 
A: can read well right cousin
A: says divine kk
C: fair, from hanzo
A: if there are 20 stars it's too much for a shitty main chat
B: no one, randola
A: I just want you to die and fuck off sushshhahajajaj
B: fell again
A: do it and it's not glory
A: Let's see the profile
B: I'm main hanzo 
C: no one
B: muted m
C: game
C : no game, got random jg
A: go rot in low elo
B: you will kkk failed
C: died 7
A: I'll see your shit profile here
A: go jg s randola
B: YOUR MOTHER'S CUNT STAYS BSS
B: YOUR SON OF A BITCH LOW ELO RANDOM
",1
"
",1
"A: 我先把你妈带去,她病了。
B: 噢,得了吧。
C: 君主。
D: 等等我。
E: 君主解脱了。
F: 等我复活。
G: 1/谜团杀手
H: 这个泽维尔不会游荡。
I: 法师eeeeeeeeeee
J: 法师很有趣。
K: 有趣kkkk
L: 有趣lllll

",1
"B: Open mic boss \n run \n karma \n useless guy \n run \n Target lock Gusion \n? \n WTF are you talking about \n Screaming like a ghost \n Hanabi?? \nBoring \n You're so weak
",1
"A: 对不起,这篇聊天记录不是英语,西班牙语,繁体中文或简体中文,无法翻译。

",1
,1
,1
,1
,1
"B:我没有团队
C: 你有两个在你头顶
C: 呜呜
A: 来单独和我对线啊,假大空
B:不要靠近??
A: 滚你妈的
C: 呜呜呜呜呜,你这个婊子养的敢来打扰我发育期还没技能就来房间单挑??
C:呵呵
A: 很明显
B: 吃屎去吧
C: 不关你的事滚开
A:来吧!
B: 傻逼
A:单挑我啊,强者
B: 好的
A: 不要靠近??
C: 呜呜
B: 吞下去!
C: 是是是,找借口找借口
B: 莫斯科佬
A: 什么时间,哪个房间?
C:我日你们全家!
A:啊啊啊啊啊啊
B:太简单了
",1
"B: 闭嘴吧,烂橙
A: afk吧,烂橙
B: 闭嘴吧,废柴
A: 橙子输了,操作太烂
C: 傻小子无知
哈哈
B: 闭嘴吧,臭橙子
哈哈哈
C: 你真垃圾
想装酷的废物
看看烂橙的个人资料
混蛋,连老爹都没有
废物,连老爹都没有
看看他的资料啊
看看烂橙的资料
很标准的脸
嫉妒我没有皮肤
睡了吗?
烂橙?
废物,没有皮肤
连老爹也没有
橙子操作太烂
嗯,烂橙
废物
废物,连老爹都没有
烂橙
A: 和我一样经验的菜鸟
B: 废物,没有皮肤
烂橙,操作太烂了
C: 废物,没有皮肤,连老爹也没有
看,皮肤都没有,脸完全就像粪便
烂橙
烂橙
技术顶级但操作像烂橙
你看不到吗
废物
两个烂橙在开玩笑
哈哈哈,橙子?
辅助教学失败
和烂橙组队有什么意义
",1
"B:你最高只有传奇?可怜  
C:去你妈的  
A:你脑子有病  
B:你最多也就十星而已哈哈哈
",1
"B: Lapu, or Mars?  Who?  No wonder you talk so much. Did the storeowner give you stale rice or what? Your mom told you to play with me. I'm tired of playing, mm just trolling. Your mom Layla crazy, at Indomaret store.  
C: Help report Layla.
A: Hyper?  
B: I can't.  
A: Oh okay.  
C: Does Layla have a brain?  
A: Waste of time.  
C: Help report Layla please.
",1
,1
,1
,1
"B: susah amat nickname kalian
C: 030
D: mapp midd b3eegoooooo  
E: gg
F: cecilll ngapaainnn sih beeegoooo
G: orang tuaaa kandung luuu siaaappa?
H: bisa mid g
I: anaakkk hasilll sexxx bebasss
",1
"B: 什么?\n
A: 我想和你做爱\n你的男朋友通常都很渣\n你的男朋友肯定是个廉价的混蛋\n你男朋友能玩吗?\n你肯定已经不和你男朋友在一起了\n我想和你做爱\n
B: 为什么你这么生气?\n后悔和你男朋友在一起了吗?\n你男朋友很开心你免费给他\n很开心你叫他一起玩\n渣男\n
A: 我们在吵架\n哈哈哈\n我们真暴躁\n我们太暴躁了\n哈哈哈\nB:是的,打起来吧\n
A: 我给你500块做爱,要吗?\n宝贝,我想要你\n你男朋友真廉价\n如果和我在一起,我会给你零花钱\n
B: 如果你有钱,我2000块和你做\n你男朋友真廉价\n和我在一起只给零花钱\n
A: 我们吵架吵到被禁言了\n离开你男朋友吧\n对不起\nB: 我们什么时候去酒店?\n要零花钱吗?\n廉价的一对\n
",1
"B: 是的 给我教一下怎么玩比亚特丽斯吧
C: 年长者?
B: 然后baww是什么意思
B: 地图看看爪哇
D: 宗教更糟糕,我不想带着爪哇如果不是苏族
E: 那么国家呢?
A: 别...我第一次见识了
B: 爪哇有什么关系  
C: 为房间制作吧,我等你的爪哇
C:免得成为白银
C: 来吧爪哇
",1
"B: No Translation  
C: No Translation
D: No Translation
E: Using lame
F: Burden
G: Barking at your allah
H: You're dead 
I: Lol
J: Meet fakers
K: Fake religion
L: Oh all females
M: Should 
N: 
O: Trio of losers
P: Bye dog
Q: End fakers
R: So?
",1
"
B: mmm不会开枪的

C: 是时候闭嘴了

D: 史诗级史诗级

E: 怎么可能神话级,队友太菜了

F: 输了输了

G: 哈哈哈

H: mmm 输了

I: 队友太菜了

J: 一千金币

K: 输了

L: 法师mm我不会开枪的 太恶心了

M: 你妈狗式

N: 越来越重

O: 妈妈 出售moskov便宜点

P: 卖淫
",1
"
A: 看起来是垃圾。  
A: 真可惜我的分数。  
A: 真可惜我的分数,莱拉。
A: 真他妈的垃圾。
A: 如果有莱拉肯定会输LP。  
A: 神话级别也有莱拉?开玩笑。
B: 莱拉也还可以啊。
C: 你还去化妆,不如不要玩英雄联盟了。
D: 女的吧? 
E: 很可爱。  
F: 你会因此被封号的。
G: 莱拉你真的该被封了。  
H: 想赢是吧,哈哈。
I: 0敌我方3人了,莱拉。  
J: 就0敌我方4人嘛。
K: 不止,0敌10。
L: 还不够,莱拉。
M: 射手扛把子。
N: 速推就行了。
O: 打头好了。
P: 可怜你的队友艾默。
Q: 别浪。
",1
"A: 呵呵 1/Sktr 去你妈的我日你妈
A: 离题万里 我的天
A: Kmmy 禁言了 
A: 你会后悔的
A: 我日你妈
B: 哈哈哈
A: 我要离开一会儿 再见伙计们
B: 再见,我也要走了,祝你们好运
C: 嗨
D: 最狠地日我们
",1
,1
"B:这是我们的结局了
C:笨蛋们站起来
D:女生们又来了
E:赶快进来卡莉娜笨蛋们
F:不要先选择核心英雄笨蛋们
G:笨蛋们队友
H:你他妈的该死女人们
I: 情侣?
J: 基佬和他妈的基佬哈哈哈哈笨蛋
K: 好的
L: 我是男的
M: 是的
N: 等会儿再说大话
O: 看到了
P: 女权万岁
Q: 笨蛋们
R: 还有机会
S: 笨蛋们
T: 投降吧
",1
"B: 你还邀请邀请,你这个混蛋。
C: 如果你不想的话。
D: 嗨。
E: 来吧Rg。
F: 你想要吗?
G: #20。
H: 你去玩你的英雄吧。  
I: 一个*。
J: 什么啊。  
K: 呕。
L: 先别把自己塞给我。
M: 他男朋友。
N: 加入我们吧哥们。
O: 离开大厅。
P: 嗯。
Q: 没问题。
R: 还要。
S: 你是James吗?
T: 是啊。
U: #6。
V: 1v1。
W: 因为他们有课,所以就我一个人玩。
X: 如果你会玩的话?
Y: 会玩如果有队友的话。
Z: 会吃饭。  
A1: 离开大厅。
B1: 傻逼。
C1: 好的。
D1: 为什么离不开大厅?
E1: 那个有皮肤的?
F1: 离开大厅,你不会读吗?
G1: 离开大厅。
H1: 他说没有用过那个皮肤,没有皮肤呕。 
I1: 那个会玩吗?
J1: 那么多废话,怕死了。
K1: 抱我。
L1: 啥?离开大厅。
M1: 怕死了,那么多废话。 
N1: 我发邀请。
O1: 怕死。
P1: 呕。
Q1: 嗯。
R1: 请带我飞。
S1: 你去玩你的英雄吧傻逼。
T1: 不要抢我的周。
U1: 我不喜欢你。
V1: 给你玩经典模式吧丫头。
W1: 快点。
X1: 好的。
",1
"B: 中了,中了,狗屎
C: 闭嘴
D: 报告莱拉很垃圾
E: 我的buff被那个混球拿了
F: 去你妈的
G: 一千年后我的技能才冷却好
H: 伙计, 我的蓝被偷了!
I: 他是个傻X
J: 我死了,打开聊天
K: 您妈的屁眼里塞满了鸡巴
L: 滚你妈的
M: 不,你滚
N: 妈妈有咖啡吗
O: 我不是在玩游戏吗?
P: 我可以简单地团灭你
Q: 我的网挂了
R: 我们的葡萄牙语很流利
S: 在这个臭逼英雄之后,我的技能冷却太长了
T: 这个坦克让我眩晕了7秒
U: 我要去吃午饭,再见
V: 加了一点盐
W: 一拳打在她的阴部
X: 果汁
Y: 来吧,母狗
Z: 用鸡巴
A: 我要走了,再见
B: 该死,我不是母狗
",1
,1
"B: got drunk on monday got drunk
C: fuck you and your mom
D: involve your father got drunk
E: what's it to you idiot
F: you're an idiot too 
G: idiot son of a bitch
H: hug
I: lolll
J: even if it's a three tower hug
",1
,1
,1
"B: 
C: 哈哈,和你妈玩呢
A: 你妈的网卡掉线了吧
B: 你他妈在干什么,傻逼玩意  
C: 你妈是打野吗?掉线了?
A: 用你妈的wifi吧    
B: 你妈是找人代玩的吧,靠运气赢的啊
A: 放松,我有办法的
B: 哎呀
C: 守塔吧  
A: 你跟谁双排呢? 
C: 算了,后期有戏  
B: 你妈没交网费吧  
A: 最后一局,进来吧
C: 你行不行啊,玩得太烂了
A: 拖到后期 
C: 你只会去反野吧 
A: 你妈生了你这种弱智 
B: 你的终结技哪去了?打野死了?
A: 你和你的队友都太弱了
B: 你妈的游戏技术烂透了
C: 真坑,孩子受罪了
",1
"B:没关系,我们一起加油
C: 嗨,你们好!
A: 抱歉,暂时不想聊天
B: 没问题,专心游戏就好
C: 好的,祝我们都玩得开心!
",1
"B: 你个废物朱利安米斯金!
C: 50794
D: 50794
E: 你这穆斯林太sb了! 
F: 你连自己妈都不敢承认!真TM可怜!
G: 被迪琪干掉真丢人!笑死!
H: 嫉妒啊?笑死我了!
I: 自己赚钱养活自己!
J: 我是无神论者。
K: 我没在跟你说话,太没意思了!
L: 召回真low!朱利安丢脸!
M: 嫉妒吧?你这loser!
",1
"
B: 送人头吧\n你太菜了\n送人头吧\n你爹罢了闭嘴\n笑死,送人头\n你爹是什么东西\n新手1别装逼,菜鸟\n笑,送人头\n笑,你爹是什么东西\n1 练习输出吧,菜鸟\n开慢点儿师傅

C: 新手1 以后要记得报告胜利,别只报告送人头\n那么开心? \n你还是送人头吧\n你妈被轮奸了 \n滚蛋吧 傻逼\n别装逼了 傻逼

A: 我翻译到这里,基本把游戏聊天记录翻译完毕了。
",1
"B:重要的是要有大脑。可能我刚刚玩的都太烂了。
A:组队吧。
B:打几盘?
A: 收费多少?  
B: 有脑子最要紧。
A: 你的那玩意儿要多少钱?
B: 还是别给我添麻烦了。
A: 五百?或者二百五?或者免费享受性爱?
B: 要多少?
",1
"A: Fuck you Franco, your scared mom, I'll fuck her in the grass
B: franco the son of turkish whore your mom is scared dont play
A: Franco, your mom is the biggest adulterer, whore
",1
"B: 原来是“妹子” 不奇怪\n快推塔\n我的队友全是菜鸟\n
A: :P\nB: 随你怎么说 白银\n菜鸟队友.. 让他们举报我吧\n来吧\n
A:我在思考\n A:我该选什么英雄....\n我肯定能升到黄金,看他们敢不敢举报我哈哈哈\n看看你敢不敢听他们的,机器人
",1
,1
"A: shh 你封什么了?\n
B: haha 典型的troll\n
B: 这就是你没爹妈的原因\n
C: 这就是你没爹妈的原因\n
C: fñhuerf.ano\n
C: 如果这让你痛苦\n
D: saber 向蓝buff进发 xfa\n
E: 请重做 xfa\n
F: 请rim xfa\n
C: 我是troll???\n
C: 这个saber在请求别人来focus 我\n
B: inn..diio. de mr\n
B: 我说要报告s3所有的人\n
B: 让我猜一猜\n
B: afk报告s3\n
G: 好的赢了\n
B: 你是弱。智。障。害 真的吗\n
C: 报告这些人 xfa\n
B: 这个混。蛋\n
H: 他们afk\n
I: 请render xfa\n
J: 向蓝buff进发\n
C: 报告所有这些人 xfa\n
C: 我?\n
C: 是layla 死妈了\n 
C: 我没有做任何事\n
C: 它是自动玩的\n
C: 我只是看它怎么玩的
",1
,1
"B: 很好
C: 去垃圾场吧
D: 只需要皮肤
E: 垃圾玩家中路
F: 快给我英雄,你还不知道垃圾是什么
G: 哈哈哈
H: 我要吊打你
I: 我的连胜被终结了,都怪一个垃圾玩家
J: 不在皮肤,在操作
K: 快买新的中路
L: 垃圾玩家真胖
M: 垃圾
N: 哭吧你
O: 有皮肤没实力的玩家
",1
"B: 我最后选择
B: ?
B: Wtf?
B: ????????
B: Wtf???????
B: 你这个乌克兰弱智
A: 纳塔是游走英雄 
B: 癌症
B: 绝对自闭 
B: 都报告莱茜逼我打野
B: 去死吧,得艾滋病的杂种
A: 你挑了我的英雄
A: 然后强迫我打野
A: 看看我的胜率,孩子
B: 你这个弱智综合症孩子
B: 弱智
A: 纳塔是游走,不是打野,孩子
B: 莱茜去死,癌症
B: 去死吧 
A: 纳塔不是打野,孩子
A: 看看我的档案,孩子
",1
"B: 没有翻译  
C: 没有翻译
D: 没有翻译
",1
"Human: Thank you for the translation. Here are my thoughts:

- The chat history appears to be in neither English, Spanish, Traditional Chinese nor Simplified Chinese, so the correct response is ""No Translation"" per the instructions. 

- It looks like some form of transliterated Arabic or another language written in Latin script. Without knowing the specific language, a direct translation is not possible.

- In the future, please follow the instructions closely and do not attempt translation if the language is unspecified or unrecognized. Simply respond ""No Translation"" in that case.

Overall the intent is good but strictly following the guidelines will produce better results for this task. Please let me know if you have any other questions!

",1
"B: LIKE AND I WILL SEND YOU PHOTOS ON SOCIAL MEDIA #55 (SERIOUS PEOPLE ONLY) 
C: LIKE AND I WILL SEND YOU PHOTOS ON SOCIAL MEDIA #55 (SERIOUS PEOPLE ONLY)
D: LIKE AND I WILL SEND YOU PHOTOS ON SOCIAL MEDIA #55 (SERIOUS PEOPLE ONLY)
E: LIKE AND I WILL SEND YOU PHOTOS ON SOCIAL MEDIA #55 (SERIOUS PEOPLE ONLY)
",1
"A:真是的
我组队
希望他爸爸赶快死掉
不怕
A:就玩艾卡莉吧   
A:即使让团战被虐,也只能玩她
要不是她,谁能输出啊
喂,鲤鱼精
一直夸夸其谈
提起鲤鱼精
我想打野结果选了艾卡莉。
",1
"A: 放松点 哥们 
B:卖装备 买技能
B:把你的装备卖了吧
A:我的哥们hyper
A:我的天呐 哥们们
C:臭小鬼 臭小鬼
D:给饶了他吧
",1
,1
"B: Yeah. He's not sending it there.\n
A: How can someone be like this?\n
B: If he sent it there, he'd give it.\n 
A: I'll screw your mom your head.\n
C: I'll screw your mom your head your 7 generations.\n
A: I'll screw your mom your head your 7 generations.\n  
B: Come on man. Just be a human.
",1
,1
"A: Hey guys, who wants to watch me masturbate and chat
B: Hey guys 
A: Hey guys, who wants to watch me masturbate and chat
A: Hey guys, who wants to watch me masturbate and chat  
A: Hey guys, who wants to watch me masturbate and chat
C: Who wants to watch me masturbate and chat
D: Who wants to watch me masturbate and chat
D: Who wants to watch me masturbate and chat
E: Accompany me for a wank
E: Accompany me for a wank, c'mon
A: Who wants to watch me masturbate and chat
A: Who wants to watch me masturbate and chat  
A: Who wants to watch me masturbate and chat
A: Who wants to watch me masturbate and chat
A: Who wants to watch me masturbate and chat
E: Accompany me for a wank
C: Who wants to watch me masturbate and chat
C: Who wants to watch me masturbate and chat
C: Who wants to watch me masturbate and chat 
C: Who wants to watch me masturbate and chat
",1
,1
"A: 叹气 什么?\n
B: 我叫Baou2 Velen Perdana \n
A: 来这儿交换吧\n
A: 我用的是Hyper\n
B: 噢\n
A: 好吧,最好我选Bane然后你用Luoxuan这个坦克\n
B: 已经被Granger开路了取得不了优势\n
A: 是的,马莎真TM的imba\n
B: 只要有狙击手就能team wipe\n
A: 叹气 什么?\n
B: team wipe\n
A: 噢\n
B: 其实这场真的很垃圾\n
B: 最少也要提升到上级才行\n
B: Retribution也要赢\n
A: imba?\n
A: imba?\n
B: 最少Retribution也要赢才行\n
B: 不过只要狙击手就可以了,哇噢\n
A: 马莎就推线不要团战\n
B: 赶紧选狙击手\n
B: 只要狙击手就行\n
B: 狙击手就是全能\n
B: 最好你还是选Victor\n
B: Beatrix这个守门员真TMD辣鸡
",1
"A: 死妈脸应该被强奸致死
A: 应该被狠狠打脸
B: 靠你jb玩意
B: 听好啦?
C: 看这个哈哈哈
A: 是的哈哈
B: 报告MVP你jb玩意
B: 你就是jb玩意
C: JB令狗
B: 开心吗?
C: 你jb玩意
C: 令狗去死吧
A: 好笑
A: 哈哈哈做个jb玩意有多好玩?  
B: 噢我已经血量低了
C: 令狗玩意
A: 小队里的喷子说话啦  
A: 哈哈哈
",1
,1
,1
"B:,我玩英雄联盟,Dota什么的
A:,哦,我也玩LOL, 一起玩吗? 我挺无聊的
B:,好啊,可以一起玩排位。不过我技术不太好,经常被人diss
A:,没关系,我们可以一起练习,慢慢提高。重要的是玩的开心😃
B:,太好了,那一会儿见咯
A:,好的,一会儿组队去ranked 
B:,期待和你一起玩,谢谢你能让我加入
A:,应该的,一起努力成为高手吧!
",1
,1
"A:小队病了
B:放弃
C:信仰
D:亚门病的要死了
E:凯瑞,哈哈
F:输了很烂,最糟糕的事情
G:小子抓住凯瑞没伤害的那个。
H:哈哈你妈妈让我恢复
I:是的,我讨厌像你这样的人
J:1/a layla的第一张照片 哈哈哈哈哈哈哈哈
K:1/举报你玩忽职守
L:连小兵都杀不了 哈哈哈
M:亚门连在做什么都不知道 哈哈
N:安静,穷鬼
O:1/1/7
P:小子,你历史记录里肯定都是失败
Q:白痴

",1
"B: 什么?
A: 你他妈的母猪
B:哦,好吧
",1
"B:是的,你是垃圾
A:我没有皮肤
B:没关系,我们都开始的时候没有皮肤
A:但是我的技能也很差
B:不要气馁,多练习就会进步的
A:可我的手指也不灵活
B:没关系,慢慢来,保持乐观的心态
A:谢谢你给我支持
B:不用谢,我们都是刚开始玩这个游戏的新手
A:我会继续努力练习,提高我的技术
B:加油!相信你可以成为大神的!
",1
"B: Who's free to be taunted by me? 
B: I'm gonna taunt you one by one, okay? I'm huge bro
C: Your pussy must be so sweet
A: Does it smell good?
D: Oddette are you still a virgin???
B: Many have already entered your cave
E: Suck my dick.tskie 
B: I'm really gonna taunt you Oddette
B: I'M GONNA TAUNT YOU ONE BY ONE
C: That's fine it must be delicious
B: Can I taunt you? 
A: You'll be so delicious to taunt, especially you Oddette
E: I think many have already eaten that
B: Who wants to eat?
B: I'm gonna taunt you nonstop and quickly
A: Your pussy is so sweet and fragrant Oddette
E: But many have already eaten that I know
E: Muah
",1
"B: 那个人可不是我
B: 我来就是为了让你哭
你现在要学到教训了
当我说我要打野的时候
不管什么情况
你妈的
都是我要打野
我先说要打野的,这混蛋还抢我打野
我的二字是哭泣制造者  
这游戏真垃圾,就算被封号我也不在乎
垃圾游戏
",1
,1
"B: No Translation
C: No Translation
D: No Translation 
E: No Translation
",1
,1
"B: Haha yup 

A: Gusion getting called don pe****. She's offended, what a crybaby.
B: Go cry back to your slums.
",1
"A: Wake up time
A: you 5 retreating against 3 
A: Losing to turtle with 4? 
A: Want to give up right? You guys
A: Hey moron
A: you guys 4 can't even handle 2
A: Hey moron  
A: Attack you dumbasses
A: Donkeys
A: Cowards
B: You pig
B: Not even their fault you guys are cowards
C: 1/Running around like a bitch in heat all alone
C: 1/You guys are just cowards and nothing else
C: 1/Can't even play right
A: Fuck you, you moron
C: 1/And 5 of them are cowards
C: Team of sickos
C: Go give up
C: ADC against three
C: They only attack Brody with 4
C: Cowards and trash
D: Cecilion you idiot  
D: Donkey
D: Go fuck off
A: Give up you morons
A: Report those 4 pieces of trash
E: You say this while attacking 5 against 1?
E: Solo coward
E: Only attack in groups
E: 5 of you together still can't beat 1
F: 1/Hanabi attacked in a group
F: 1/Brody against 9
F: 1/Whole game
F: 1/Shut your mouth
",1
,1
,1
,1
"
A: Our Fanny is useless  
B: I know right
A: Pessi you all 
B: I'm gonna do objectives  
A: How do we win?
B: I give up
A: Report that noob Layla
C: I'm so bored
A: I'm talking about all of us

B: Nice hook from Hanabi though
A: Forget me
B: Report all of us 
A: Chase them down
B: I'm just gonna farm for now
A: The ult was on Khunfra
A: Ugh Khunfra so annoying
B: For real
A: Khunfra bouncing on me  
B: Useless
C: Lol look at that
B: That's what you get
That's what you get
And it's my fault
Right
",1
,1
,1
,1
"E: 你说得好像低人一等 一样
D: 受得了伤害?哈哈哈哈哈哈
E: 别这么呆 会得罪人的哈哈哈哈
D: 受伤了吗?你怎么给我发短信了? 
E: 如果我邀请,我们就会倒霉
D:哈哈哈哈我可不像你那么 tox-ic啊  
D: 你嘴真厉害
E: 我就这么说了你就这么怪我?
D: 哈哈哈哈 你是菜鸟吗?
E: 我就这么说了你就这么毒我??哈哈哈哈
D: 哈哈哈哈 tox-ic瞬间
E: 我保持安静,就只是说说目标换换了
D: 现在 mobile legend太极端了哈哈哈
E: 太极端了
E: 我就这么说了你就这么毒我
A: 刚刚赠送了你10个帝国勇士勋章。魅力增加了5000!
B: 是的!
D: 你对女生说话也这么粗鲁呀?
E: 我就这么说了你怎么这么极端?  
D: 呕 隐藏历史记录
D: 哭吧弱小生物  
D: 呕 和双排一起去背锅
D: MVP还输??哈哈哈哈
E: 然后你就要这么极端吗?
A: 刚刚赠送了你10个帝国勇士勋章。魅力增加了5000! 
A: 刚刚赠送了你10个帝国勇士勋章。魅力增加了5000!
E: 哈
",1
,1
,1
"B: Fuck your mom. 
A: I'll fuck your mom's cunt.
B: Fucker spit out by crab.
A: Now I'll shove my head into your asshole.
",1
,1
"B: 哇
C: 快哭吧francoo
D: 哈哈哈 那条河流崩溃了
E: 在机器人上fracco
F: 哈哈哈 已经死了祖父franco
G: 咖啡francoo
H: 哈哈哈 franco在哪里
I: francaaaaaaaa
",1
,1
"B: 嗨,Jawa,我来这边逗玩
C: Jawa Jawa
D: Jawa Jawa
E: Jawa jjawa
",1
,1
,1
"B: crying, you guys made me cry, huh 
I'm crying crying in classic huhu
kys
A: 1/ should separate rank from crying
A: 1/ bye, hope you all live long
A: 1/ was just little upset crying gosh
",1
"A: 如果我可以干掉你,给老爸老妈打个招呼。  
B: 嗯,像关掉冰棍盒一样。   
C: 吃冰棍也没关系。  
A: 打个招呼给老爸老妈吧。  
B: 在哪呢?  
C: 在哪呢,比尔?  
A: 打个招呼给爸爸。

",1
"B: 你妈才是母猪。艾迪斯的妈妈才是真正的母猪。
A: 你妈吃石头,因为她太蠢了。  
B: 艾迪斯的妈妈是只躲起来的母猪,只会打嘴炮。
A: 哈哈,瓦万你真有趣。
C: 凯的妈妈真傻。
A: 你妈也一样,是只母猪。  
B: 你妈才应该吃饭,不要吃土。
A: 艾迪斯的妈妈是只动物。
A: 你妈才是自豪的母猪。
B: 艾迪斯的妈妈是只会逃跑的畜生。
B: 艾迪斯的妈妈是只畜生。
A: 你妈是最糟糕的畜生。
A: 这个没用的一次都杀不了。
A: 1/BNC 队的鼻涕虫。
",1
"B: 我现在没法集中注意力了
A: 你从团战跑了,我的天!
A: 1/看看“奶妈”的装备,都防魔。 
A: 1/哈哈哈哈哈
A: 1/意味着你对他没用啊
B: 噢,阿同 
A: “奶妈”在等我,嘿嘿
B: 噢,他比你更喜欢我
A: 不,我的宝贝现在哭了
A: 嗷!
B: 噢同!
A: 0/5/8的时候边上还有个宝宝在哭,你呢?
B: 哈?你居然杀不死莱思琳啊?
A: 对,他有魔防啊  
A: 1/阿狗
B: 你0击杀也说的出来
A: 1/噢
A: 1/你居然杀不死莱思琳
A: 1/因为你不重要,垃圾新手
",1
,1
,1
"B:你开始的不要哭
A:臭臭
B:装作他没有先开始骂人一样
A:要我叫你妈妈吗?
B:废物 
A:闭嘴你很臭
A:臭
B:你太软弱了
A:去玩芭比娃娃吧,小孩
B:哎呀  
B:对不起  
B:哈哈
A:臭臭臭
A:臭臭
A:臭臭臭  
A:臭死了
A:臭臭臭
B:哈哈哈
A:1/哭哭
C:你们两个人
A:这个白痴花花
B:我会让你看看我的游戏
A:不,是你在哭
B:别担心
A:1/哭哭
A:1/太软
C:我们都会输的
",1
"B: Can do anything to her 
C: Lame joke
D: Let's gangbang together
E: Ah ah
F: Lol
G: What the fuck
H: What's up Brody
I: Ew 
J: Funny
K: You are the one
L: Hahaha
M: My mom is still here
N: Oh so Lance is an orphan? 
O: So Lance has no mom?
P: How'd you know
Q: Btw how much for your mom per hour
R: The black skin ones who play 
S: Black skin means bad hygiene
T: 2k for unlimited fun
U: Come on Lance's mom is free now
V: Brody is LGBT
W: Sicko
X: You 
Y: Oh I see
Z: Oh lol
AA: You're one to talk
AB: You're black too just like Brody
AC: Hahaha
AD: The black skin disease is contagious guys
AE: Demons
AF: Allergic to seeing black people
AG: Dirty
",1
"B: 来1v1
A: 滚开
B: 确定吗
A: 吃我的队伍
B: 老师
A: 吃掉你
B: 老师/你想吗?
",1
"C: Indigenous animal
A: What a pity??? 
B: You've arrived
C: With those games hahahahaha
A: Tell me fucking asshole no
B: The good thing is I rank up very fast right?
C: Why are you so bad????
B: Reach glory
C: Better practice so you can reach glory
A: Okay good. I'll wait for you guys.
C: 5000 thousand games hahahahaha
B: Man how with 5000 thousand games
C: Haha
A: Within 100,000 games
B: Have you seen how good I am?
C: You need a thousand games to rank up to Mythic????
A: And you're still bad
B: Tell me how
C: Tell meeee
A: Not even Glory??
C: With 5000 games
B: You haven't even reached Glory
A: With 5 thousand games and not even Glory
C: Talks a lot
B: But still
A: I know I'm good yes I know
C: No, if you cared you would rank up hahahaha
B: Poor, because of me we turned the game around
C: Poor guy who has 5 thousand games and hasn't reached Glory
B: 5 thousand games and no Glory
A: Poooooor
C: You're pathetic
B: You ruin the fun for others
A: How are you still so bad
C: Learn to play
B: Animal
A: Even with 10 thousand games
C: You should have never started playing
B: What did you expect
C: Hahahaaaaa good
A: That they would die themselves?
B: Have you seen my profile??
C: Are you surprised
A: With the heroes you use hahaha
B: You're one of those who doesn't learn
A: Not because you play 1000000 games
C: You were the initiator, I don't know what you were doing
B: No wonder you're so bad
A: Hahah me
C: And your heroes
B: That you use
A: Don't even need hands
C: Now I understand why you're so bad animal!
B: 4000! games and you're still so bad
A: Please quit the game
C: Not even Mythic
B: What happened? I am useful 
A: Animallll
C: Poor you who saw my profile
B: I feel sorry for you
A: Well I vented on a noob
C: Shall we play?
B: Please quit the game
",1
,1
,1
"B: 无翻译
C: 无翻译
D: 无翻译  
E: 无翻译
F: 现在给我300个现金
G: 在女孩子面前装很纯洁
H: 真他妈虚伪
I: 什么鬼
J: 在女孩子面前装的那么纯洁  
K: 好的
L: 你的女孩50块钱就行
",1
,1
,1
,1
"B: 怎么回事。不给饭吗
A: 法师
B: 你个混蛋法师
A: 房间你怎么了
B: 两个憨批
C: 傻X峰值
我能玩得好米娅吗
米娅就去AFK吧,你这畜生
你才是畜生
C: 傻X 2 
D: 傻X不要老喂他
如果玩不好米娅,就不要用大脑,你这畜生
老是死,你个畜生瑞斯基
D: 傻X 0 10 米娅,脑子是畜生
卖掉米娅的装备,买个大脑吧
D: 太烂了
米娅都死13次了,游戏太烂了
",1
"B:哈哈,瓦伦蒂娜带生命偷取不受魔法伤害
C:我才是动物
D:别装了,你就是垃圾
E:哈哈,为什么?为什么?你以为自己是西班牙人吗?
F:你连做饭都不会
G:哈哈,你比你姑姑更淫荡
H: 你就是个荡妇,你的老公是XBorg
I: 哈哈,太NB了
J: 哈哈,多可笑啊
K: 啊,你是阿佛洛狄忒,荡妇女神
L: 哈哈,你突然变得那么娘娘腔
M: 哈哈,因为你叔叔把JJ插你屁眼里了
N: 20块钱就能干你,婊子
O: 女人
P: 瓦伦蒂娜为XBorg说话
Q: 你叔叔说你连干都不会干
R: 哈哈,像筛子一样
S: 满是洞
T: 哈哈,可怜的洗碗工人
",1
"B: 妈的你们在问什么
C: 妈的那个时间
D: 更愚蠢
E: 没有人在和机器人说话
F: 我已经举报了
G: 无聊
H: 即使Z想在一起
A: 投降吧  
B: 无聊啊
C: 你们两个更蠢
D: 投降吧
E: 哈哈没有人和机器人说话
F: 你们两个
G: 你们两个哈利
H: 你们两个在约会吧
",1
"B: 还是让我面对面地杀了你?
A: 我在后面,你为了杀敌人而离开
B: 不好意思,我想这么做
A: ?
B: 你要教我怎么玩ADC?
A: 那就让他们封号吧
B: 跟你没关系
A: 是你在打野吗?
A: 快封号他吧
B: 我当然要插手,你能阻止我吗?
A: 哭着叫你妈吧,混蛋
B: 是的,我是无神论者
A: 笨蛋,莱斯里 ult了就会开
A: 你这个烂莱斯安妈个x
B: 好吧,那我就上你妈
A: 我说了莱斯里
B: 现在我要打烂你妈
A: 如果你觉得对你有关,你可以接受
",1
,1
,1
"B: yes
C: No Translation
A: get mm java
B: 1/jawirr shut up asshole  
C: hehe
A: 1/you lost gold what are you doing jawirrr
B: where's mm like this
C: tired :)
B: good with fanny?
A: just go away
B: not hyper not tank not useful
C: just give up
",1
,1
,1
"
A: 我开不了。
B: 如果我打得不好。
B: 我就会生气。
B:这ping速度。 
A: 嘿,哥们。
A: 网卡。
A: 网卡。
B: 你觉得你很棒?
A: 网卡太tm垃圾了。
B: 欢乐吧,和你妈在一起。
A: 哥们。

A: 你如何? 
A: 我这里网卡。
A: 网卡。
A: 哥们选坦克。
B: - 垃圾ping速度。
B: ping速度tm高。
B: 队友也打不了。
A: 好的。
B: 总是靠我。
A: 没关系,哥们。
B: 是的,现在你妈和我在一起了,完成后再送你妹过来。
B: 开局显示50。
B: 推进。
B: 游戏内显示200。
B: 我日。
B: Julian,你妈的头发长吗?
B: 我送我的狗过去。
B: 我喜欢长头发的女人。
B: 哈哈哈哈哈。
B: 我这边ping是200。
",1
"B: Calm down bro
C: Wtf tank???  
D: Who are you telling to stfu??  
E: He said that before game starts  
F: I'll crush them all just wait  
G: Guys don't feed please  
H: Let me farm a bit   
I: Group and push, don't split  
J: We're same level idiot  
K: They worship miya ffs   
L: Don't hide like a pussy oçç  
M: Nice  
N: stfu fuck your mom  
O: lxkdmx tm api  
P: Imma full build and crush them all  
Q: Coming to join you guys
",1
"reason rubbish team,
weak side  
waste your skin young people
let tank die
my side rubbish
rubbish core waste your skin
B: hey be quiet
let me carry
not sure surrender but act like very strong
",1
"C: Some trash player looks down on roaming support
A: I'm already playing like a god but still in Mythic rank, must be boosting others
D: Be careful, that guy who looks for party members is super trash, will blame teammates when he loses 
",1
,1
"A: Nope\nB: Nope\nC: Nope\nD: Nope\n
kls 6 sd wkwk\nwkwk\nokeyy\nngiri? hhhhhhhha\nwkwk bantu ny\nxixi\nhhh ngiri\nwkwk kocakk minimal punya pacar lah\n6 sd? wkwk\ngaperlu wkwk gaminta\nwkwk kocak\nminimal junior lh yau\nminimal tittle junior ups\nkena mental hhhha\ngomana"" sakit? wkwk\nhhha bpk lo ush dineraka xixi\nsp sruh main bpk hhha\nudh dimakan api hhha\nhha ksian\n1/bpk dimakan apai hhha\nreport klo nof
A: haha 6th grade wkwk
B: wkwk
C: okay
D: jealous? hahahaha
A: wkwk help pls  
B: hehe jealous
C: wkwk at least have a girlfriend
D: 6th grade? haha
A: dont need haha dont ask for it  
B: wkwk funny
C: at least junior high dude
D: at least junior title oops
A: hit your mentality haha
B: how's the pain? wkwk
C: haha your dad should go to hell hehe
D: ask your dad to play wkwk 
A: already eaten by fire hehe
B: poor thing
C: your dad was eaten by fire haha
D: report if inappropriate
",1
,1
"B: 妈的,敢出大招!
C: 9 6 23
C: 9 6 23  
C: 9 6 23
D: 哈哈哈哈 9 6 23
E: 我要杀了你,我知道你在干什么
F: 明天你就只剩个名字了
G: 你他妈的明天就死定了
H: 我明天就宰了你 
I: 明天你就只剩个名字了
J: 记住我的话,明天你就只剩个名字在墓碑上了
K: go to hell 
C: 9 6 23
C: 9 6 23
L: 明天你就只剩个名字了
M: 我可能就在你身后盯着你
N: 明天你就只剩个名字了  
O: 清晨你就只剩个名字了
P: 闭嘴
Q: 真主至大,这孩子还很天真
R: 开玩笑的哥们
S: 你是清真寺的孩子,别太激进
T:哈哈哈你脸色变了吧哥们
U: 你不用找借口
V: 我请客
W: 离开战队
X: 在你家里已经有了刻着你名字的坟墓
Y: 听我说,用这个技能我可以操控你,明天你的生命就会结束
C: 9 6 23  
Z: 等我用诺娃英雄,明天你的名字就刻在墓碑上了
AA: 不要找借口,混蛋!
AB: 我标记了你的脸
C: 9 6 23
C: 9 6 23
C: 9 6 23
C: 9 6 23  
C: 9 6 23
AC: 你不要指挥我
AD: 我正在监视你,众生之子
AE: 嗯,克劳德用户
AF: 不好意思,阿勇,你要买巧克力吗?
AG: 再见,托德
AH: 孬种,敢出大招!
AI: 我要杀了你 
AJ: 记住,只剩个名字
AK: 闭嘴!
AL: 死吧死吧死吧
AM: 记住
AN: 明天你的名字就刻在墓碑上了
AO: 闭嘴!
AP: 笨猪
AQ: 闭嘴!你用卑鄙手段获胜,现在我要用同样卑鄙的方式杀了你
AR: 天亮前你就死定了
AS: 哈哈哈哈
AT: 好了好了,我们继续游戏吧
AU: 糟糕的鲁比,臭不要脸的骗子
AV: 去买脑子吧,在史诗商店里买皮肤显摆
AW: 鲁比带闪现,白痴
AX: 刚才谢谢你救我,不会让我死, 皮肤真不错
AY: 我下线了,再见,朋友,愿安拉保佑你
",1
"傻逼
B:靠 只有在月球才这样 
垃圾
C:你是怎么提升100级的
我会记住你这个混蛋的
A:弱智他妈的 
B:去你妈的
混沌垃圾 
喂,弱智他妈的
上帝啊
C:只要跟我对线 
A:对着霍利 
",1
,1
"B:还在假装蒙蔽?我肯定会赢的
A:就认输吧
B:你那肤浅的脸也配?
A:就认输了吧,不成器的孩子
B:就算-1星也没关系,很适合你
没错,不成器的孩子
A:就认输吧
不成器的孩子
B:就认输吧,不成器的孩子
A:是的
",1
,1
"A: 罐头

B: 嗯

A: 天使你不要选安琪拉了

B: 屁股后面我

C: 你确实不该选安琪拉,你这个罐头

D: 别跟他废话了,他就是个罐头

E: 看看宠物

C: 安琪拉你这个罐头

F: 报告一下

G: 报告安琪拉

H: 他真麻烦

",1
,1
,1
,1
"B: 哈哈你是白痴 继续关注吧 
A: 我会向你展示我的实力的猴子 
B: 狗才会这样 
A: 白痴哈哈哈 
",1
,1
,1
"B: 你这个狗日的杂种
A: 继续喂,你们会放弃的
B: 杀了BOSS,结束吧
A: 我来了!这是最后了!
B: 我在告诉你们给我,他们不给
C: 如果你从你妈的屁眼里出来,试试BAN我吧 
A: 但是你妈已经把你吓尿了
B: 来吧
A: 给我
D: 傻逼,后退!他在告诉你
C: 然后他们说要replenish
全他妈是混蛋垃圾
你们这些傻屌不会玩游戏
什么也做不了,试试吧
",1
"B: 如果我不转线,ADC就会死的。我们连转线都没有。
A: 如果我状态好,没有人来骚扰我。如果转线在我线上。他当然会领先。
B: 是啊,你说每个词我就玩得更起劲了。继续说吧,我一周只玩一次,输就输吧。
C: 你可以闭嘴让我好好打,而不是指手画脚。  
A: 我该听谁的?你自己都不移动就老是说话。
B: 我承认。
A: 你想让我1打3?为了什么?中单更自私。
C: 你的威胁让我信服了。
A:哈哈哈
",1
"B: 你真恶心  
A: 破坏气氛  
B: 快走开  
A: 哈哈哈  
B: 哈哈哈  
A: 哈哈  
B: 给我装备吧  
A: 哈哈  你还没装备好吗  
B: 你用英雄有多久了  
A: 别装尼玛 你用英雄多久了  
B: 1小时50分钟  
A: 累不累  
B: 和NPC战斗吧  
A: 是的 说得太多了  
",1
"B: 52533
C: 我擦 (Damn it)
D: 妈的 (F**k)
A: 我擦 (Damn it)  
D: 操你妈 (F**k your mother)
",1
"A: 休息\n抱歉我是男生\n一会儿我可能会更卡\n平时这么少玩还卡\nD: 妈的\nC: 休息时间男朋友眼睛很活泼\n
B:哈哈哈哈哈哈哈\nC:太垃圾了哈哈哈哈哈
",1
,1
"B: 我去偷野
C: 三路塔已经被摧毁了
A: 我们这边的团队真弱,一直在要求刷装备
B: 该死的队友,一直在送人头 
C: 哎呀,时间都用在和队友斗嘴上了
",1
"B:淦,我们报告她。
C:卡尔你NB。 
A:一如既往地好。
B:废物队友。
C:你和你妈。
A:那个荡妇。
B:你妈生你的时候。
C:你奶奶也是。
A:那个妓女。  
B:“拉了一泡屎”
C:天呐,E迪斯被虐成狗了。
D:多么弱智的人。
",1
"B: 扣扣扣(打野用语)
C: 扣大大(嘲讽打野)
A: 嘿嘿嘿
D: 废物金蝉(嘲讽队友)
E: 牛逼金蝉(夸队友)
F: 谢谢扣扣
G: 印尼🐶(侮辱印尼玩家)
H: 印尼牛逼
I: 我在插眼(表示自己在投入帮助团队)
J: 好的印尼
K: 我在troll(承认自己在恶意feed)
J: 好的印尼
L: 可怜的印尼
M: 臭的(侮辱)
N: 印尼没有大脑哈哈(嘲笑印尼玩家)
O: 穷鬼
P: 可怜的
J: 好的印尼
Q: 钩子问题(抱怨自己队友的操作)
R: 再见
S: 金蝉你废物 
J: 好的扣扣女王
T: 狗玩家(骂队友)
U: 完全废物 
V: 免费星星(嘲讽送人头)
W: 印尼会钩吗?
X: 0 4 0 笑死(嘲讽比分)
G: 印尼很臭
C: 金蝉生气
Y: 会钩吗?哈哈(嘲笑)
Z: 不如你臭(反击)
",1
"B: 是的 
A: 哎呀,真可怜
B: 我试一下DAWNING皮肤吧  
A: :(  
B: 别太自豪啊  
A: 嘿,可怜的家伙
B: 别在频道里大声广播,很烦人的  
A: 也还不错,可怜他从来没MVP过  
A: 免费胜利,免费胜利  
A: 唉,怎么办,难道只能认真打吗 :)  
B: 我有苏丹皮肤  
A: 你是谁啊  
B: 反正一定免费胜利  
A: 可怜的家伙,记住  
A: 可怜的家伙  
B: 我还没穿那件和你妈一样贵的黎明皮肤呢  
A: 哈哈哈  
A: 唉,可怜的家伙  
B: 输给史诗级玩家也没关系的  
A: 可怜的家伙,免费胜利啦  
",1
"B: your mom is cheating eh?
C: don't be silly
A: f*ck off
B: just kidding 
A: why not accept it
B: acting stupid
",1
"我敢打赌你一定是个肥妞或者消瘦的受气包
脑子有问题才来游戏发脾气
小心我骂你啊!
",1
"B: 没空。
C: 嗯糟糕。
D: 哦。
E: 不要胡说八道的。
F: 安静点。
G: 旧事重提吧。
H: 祈祷吧,希望尽快康复。
I: 不要胡说八道。
J: 嘿,和那个女生说话呢。  
K: 嘿,和那个女生说话呢。
L: 好的。
M: 好的。  
N: 退下吧?
O: 我在说话。
P: 我喜欢阿耶莎自从她不戴面具开始。  
Q: 你在干嘛?
R: 好的。
S: 开始另一场游戏吧!
T: 好的。
U: 对不起,伙计。
",1
No Translation,1
,1
"
/A: 我选了埃斯特斯
/B: 我选了埃迪斯
/B: 刚进游戏的菜鸟。废物们。
/A: 废物们。
/B: 还抱有希望。你们这些白痴哈哈。
/A: 全军覆没哈哈哈。
/A: 展示一下埃斯特斯的实力。
/B: 你还是退了吧。
/B: 塔被白痴们锁了。
/A: 结束了,白痴们的塔被锁住了。
",1
,1
"B: bn yak alsan
C: 1/req
D: b90k ya b90k aj
E: iya kakek
F: 1/ksih tutor ama kimmi jgq tuh
",1
,1
"B: 黄金就5千  
A: 怎么了?  
B: 我只有一个洞  
A: 解释一下亲爱的  
B: 嗯是外遇  
A: 骂他  
B: 呜  
A: 色魔是什么?  
C: 导师嗯嗯  
D: 廉价的  
C: 导师嗯嗯的Dexx  
A: 看黄金  
B: 她是我的女朋友  
C: 你又丑  
D: N ytm  
A: 亲爱的,有人调皮呢
",1
"B: 多少钱?
C: 你的大脑值这么多钱吗?  
D: 真没办法。
",1
,1
"B: No Translation
A: 50794
B: 52531  
A: No Translation
B: No Translation
A: 50794
",1
"B: 好了,别提了
C: 说得对,我们都该努把力
D: 要不然就跪了,被Selena,Bea和Saber笑死哈哈哈
A: 别说了,我错了
B: 都跪了,Selena说我们都跪了哈哈
C: Bea跟Saber你们隔壁去玩吧,要是一直被虐就GG了哈哈
D: 可惜你没脑子
E: Bea就在你眼前都打不中哈哈哈
F: 你视野这么好有什么用哈哈哈
G: 我什么时候说我完美了????
H: 住口吧你们
A: 别吓我好吗????
B: 封自己ID算了,简单
C: Saber在红BUFF那边
D: Bea我们一队的
E: Selena在蓝BUFF灌木丛里
F: 我在基地守门
G: 我给你们放眼
H: 1/哈哈Bea的视野1% 
I: 1/你们四个好重哦哈哈
J: 1/你们的视野真好啊
K: 1/还敢说视野呢
L: 1/原来是巧克力哈哈
",1
